LOC_BLANK,BRANCH_COUNT,CALL_PAIRS,LOC_CODE_AND_COMMENT,LOC_COMMENTS,CONDITION_COUNT,CYCLOMATIC_COMPLEXITY,CYCLOMATIC_DENSITY,DECISION_COUNT,DECISION_DENSITY,DESIGN_COMPLEXITY,DESIGN_DENSITY,EDGE_COUNT,ESSENTIAL_COMPLEXITY,ESSENTIAL_DENSITY,LOC_EXECUTABLE,PARAMETER_COUNT,GLOBAL_DATA_COMPLEXITY,GLOBAL_DATA_DENSITY,HALSTEAD_CONTENT,HALSTEAD_DIFFICULTY,HALSTEAD_EFFORT,HALSTEAD_ERROR_EST,HALSTEAD_LENGTH,HALSTEAD_LEVEL,HALSTEAD_PROG_TIME,HALSTEAD_VOLUME,MAINTENANCE_SEVERITY,MODIFIED_CONDITION_COUNT,MULTIPLE_CONDITION_COUNT,NODE_COUNT,NORMALIZED_CYLOMATIC_COMPLEXITY,NUM_OPERANDS,NUM_OPERATORS,NUM_UNIQUE_OPERANDS,NUM_UNIQUE_OPERATORS,NUMBER_OF_LINES,PERCENT_COMMENTS,LOC_TOTAL,Defective_N,Defective_Y
0.2933498232671316,0.11654163931133928,-0.6951230496780001,-0.5301635106051584,0.38767023158140496,0.06871384185026581,0.09776090562435873,-0.36910031451110237,-0.03081316081647163,1.9728642809727779,-0.5662221732955541,-1.4526505687445301,-0.09678105379094167,0.3513170018116858,1.4013098100242094,0.16886329857985824,-0.7991964784832517,0.0025005505290181655,-0.29971678186045964,-0.5398245717257111,0.5587721661053827,-0.1878587016638283,-0.20042625525428046,-0.05669568106291113,-0.6401721789247746,-0.1878592142943608,-0.19681037132512655,1.1403085246587996,0.14337642413393045,0.0671761051289609,-0.16054557066636355,-0.5162109526437096,-0.162096146358566,0.018539759117590794,-0.6206327156597077,-0.40204729985239407,0.2153596520216304,0.6004316255211257,0.11499765036043877,1,0
-0.13877323289236357,-0.1609384542870876,-0.07668617274027764,-0.5301635106051584,0.010559111366030494,0.015031152904745621,-0.17582371832440657,-0.18625669767931438,0.09343345537897838,-0.5151102460812704,-0.025933839998269675,0.02434809925428322,-0.16551759767655372,-0.46696794029627814,-0.7301775962512633,-0.2324278102125807,-0.7991964784832517,0.0025005505290181655,0.7285887368739633,-0.22981001226377423,-0.3927068665778521,-0.36057766560921156,-0.39854710426552115,-0.4254741495151044,-0.1848576846681782,-0.36057726167903925,-0.40216359032478555,-1.3471204789596474,-0.044289052481161814,0.013691944994437898,-0.16054557066636355,-0.32416818752328186,-0.41200718794553914,-0.4313220430004214,-0.045972793752570976,0.5144739004190211,-0.1912862165992729,0.6825846425997772,-0.2662942938054725,1,0
-0.5708962890518587,-0.6234052769511325,-0.6951230496780001,-0.5301635106051584,-0.6493853490108747,-0.6291611144414967,-0.6317980915723488,-0.06436095312478912,-0.6520462417937216,-0.5151102460812704,-0.5662221732955541,0.3376508470116073,-0.6466734048758379,-0.46696794029627814,-0.7301775962512633,-0.6738480298842635,-0.7991964784832517,-0.5184474763497658,0.7285887368739633,-0.6872705207380958,-0.8391101384878822,-0.4177915135501291,-0.6507009120980093,-0.6860241543998062,0.7257713038450149,-0.4177908475260869,-0.6472432181244605,0.25194102336649726,-0.6072854823264385,-0.628117976619838,-0.6455775062142897,0.05991734271757367,-0.6715301926704729,-0.6903333836138222,-0.8121860229620866,-1.4713220335023784,-0.6908797123335255,-1.3921050426721997,-0.6857154323879748,1,0
1.466255261414333,3.7237828560908888,0.23253226572858354,-0.5301635106051584,1.7546980423621374,3.7728193790911595,3.6543610169583083,-0.4909960590656278,3.696585325047028,1.1269529417744018,1.3247869932449414,-1.1841053563811093,4.0044993980505765,4.033599241297523,1.4649362997637756,4.482742718098577,-0.7991964784832517,3.649136738680506,0.24871282813123263,0.7282105897807966,4.017987226283198,5.203067847015825,3.4017709994955503,3.6591482347542974,-0.7540008024889238,5.203067965518364,3.406850614664707,1.0958901495941844,3.8028532181282295,3.8645514746800935,4.083483865377991,-0.2281468049630679,3.346270398997018,3.849181165031573,1.007570396410513,1.5837486340690055,3.2710128933729896,-0.33976401437899695,4.2138860501439845,0,1
-0.632628154217501,-0.6234052769511325,-0.3859046112091388,-0.30777948770031005,-0.6493853490108747,-0.6291611144414967,-0.6317980915723488,-0.795735420451941,-0.6520462417937216,-0.5151102460812704,-0.5662221732955541,0.3376508470116073,-0.6466734048758379,-0.46696794029627814,-0.7301775962512633,-0.5534606972465318,-0.7991964784832517,-0.5184474763497658,0.7285887368739633,-0.6884047203458834,-0.8304938988646188,-0.4174472653170401,-0.6507009120980093,-0.6980495392406386,0.6119426802808656,-0.41744738079686394,-0.6451649995812483,0.25194102336649726,-0.6072854823264385,-0.628117976619838,-0.6455775062142897,-0.5162109526437096,-0.7195900083602753,-0.6767012077920643,-0.7642976961364919,-0.8603078999881016,-0.6211689919985135,-0.9572156586129889,-0.5522632519299059,1,0
-0.26223696322364787,0.39402173290976616,-0.07668617274027764,-0.5301635106051584,0.19911467147371772,0.4444926644689072,0.37134552957312406,0.05753479142973632,0.46617330396532836,0.4800795647403498,-0.025933839998269675,-0.8708026086237853,0.4531112972939546,0.21493617812702515,0.6059786882796299,0.12873418770061434,0.16137621200142585,0.10669015590477496,-0.5739315868563056,0.14107325948276242,1.261200843963812,0.448898479421967,0.6460900996119298,0.7810727961817454,-0.6401721789247746,0.44889879565008856,0.6533612052079026,0.0742675231080368,0.4248746390565688,0.4415652260706218,0.47605884474028953,0.05991734271757367,1.0201753196105763,0.6047233194531824,0.4329104745033763,0.6672274337975903,0.04108285118410042,0.3859209698157579,0.07686845594384764,0,1
-0.13877323289236357,0.3015283683769572,-0.07668617274027764,0.5817566039190832,-0.22513533876857852,0.2834445976323466,0.28015065492353564,-0.003413080847526401,0.21768007157442837,1.3757503944798057,0.24421032665037257,-0.42322725468475103,0.15525294045630247,0.48769782549634644,1.3058700754148598,-0.01171770037673928,2.0825215929707808,-0.20587866022249543,-1.259468599345921,0.25713968601302417,0.02169322958862785,-0.2038997836322519,-0.0023054062430396976,0.039507397663747994,-0.4125149317964764,-0.20390016556633,-0.005500143522086422,1.0070533994649546,0.3310419007490227,0.28111274566705285,0.11228489307934493,0.15593872527778735,-0.162096146358566,0.18212586897868613,0.0976921867242132,0.8199809671761595,-0.040246322540080245,0.26725550070215015,0.03873926152725651,0,1
-0.07704136772672139,-0.1609384542870876,-0.07668617274027764,-0.5301635106051584,-0.13085755871473492,-0.09233422498629477,-0.17582371832440657,0.17943053598426142,-0.03081316081647163,-0.5151102460812704,-0.5662221732955541,-1.2736204271689162,-0.21134196026696173,0.07855535444236449,1.4013098100242094,-0.35281514285031235,-0.7991964784832517,-0.7268266871012794,-2.699096325574113,-0.11147518651793739,-0.4329159848197482,-0.361202014419394,-0.38053611799177195,-0.4014233798334397,-0.1848576846681782,-0.3612020663434619,-0.3871715860361796,1.1847268997234148,-0.13812179078870793,-0.0932763752746081,-0.22117456260985432,-0.13212542240285421,-0.46967896677330223,-0.3495289880698737,-0.14174944740376044,0.5144739004190211,-0.2842338437126222,0.6571563277897184,-0.38068187705524587,0,1
0.787204744592269,0.11654163931133928,0.23253226572858354,-0.5301635106051584,0.623364681716014,0.17607921974130622,0.09776090562435873,-0.9785790372837291,0.21768007157442837,0.13176313095278158,-0.025933839998269675,-0.5574998608664614,0.31563820952273053,-0.46696794029627814,-0.7301775962512633,1.2523492923194433,-0.7991964784832517,0.10669015590477496,0.04305172438434827,0.38492617515709093,1.1266233869909357,0.4817630493883889,0.790177989801923,0.9013266445900693,-0.6401721789247746,0.4817625832056028,0.7901632443414318,-1.5247939792181078,0.14337642413393045,0.17414442539800687,0.3851153568250534,-0.996317865444779,0.7798762411615636,0.9796081545515258,0.5286871281545658,1.1254880339332978,0.993796029095931,-0.04831640617140004,1.144485899608399,0,1
-0.4474325587205744,-0.4384185478855145,-0.6951230496780001,-0.5301635106051584,-0.5551075689570312,-0.41443035865941596,-0.4494083422731719,0.4232220250933123,-0.4035530094028216,-0.5151102460812704,-0.5662221732955541,-0.7812875378359786,-0.4862881358094099,-0.19420629292695682,1.4013098100242094,-0.5935898081257757,0.16137621200142585,-0.5184474763497658,-0.9852537943500748,-0.6887827868818126,-0.27659278022625433,-0.3742625423046195,-0.506613021908016,-0.513660305014542,-0.2986863082323273,-0.374262007743711,-0.5054198185801642,1.3624003999818755,-0.41962000571134633,-0.41418133608174607,-0.4940050263555628,0.34798149039821524,-0.48890289304922324,-0.526747273752727,-0.5727443888341129,-0.24929376647382487,-0.5979320852201763,-0.4603855077087632,-0.6094570435547926,0,1
0.47854541876405815,-0.1609384542870876,0.23253226572858354,1.9160607413481732,0.2462535615006395,-0.09233422498629477,-0.17582371832440657,-0.9785790372837291,-0.03081316081647163,-0.5151102460812704,-0.2960780066469119,-0.6022573962603649,-0.005132328610125622,-0.46696794029627814,-0.7301775962512633,0.30931518665721186,-0.7991964784832517,-0.20587866022249543,-0.26543993123597887,2.9637180167301054,-0.11124303888457955,0.040874255994997694,0.9882988388131637,0.9374027991125665,-0.4125149317964764,0.04087438822997325,0.9889694742887751,-1.3471204789596474,-0.13812179078870793,-0.0932763752746081,0.05165590113585416,-0.996317865444779,1.2316385086457073,0.7205968139381249,2.3484435475271654,0.2089668336618827,0.4244918130266664,0.8560187897658191,0.4581604001097589,1,0
-0.632628154217501,-0.6234052769511325,-0.6951230496780001,-0.5301635106051584,-0.602246458983953,-0.6291611144414967,-0.6317980915723488,2.495449682520243,-0.6520462417937216,-0.5151102460812704,-0.5662221732955541,0.3376508470116073,-0.6695855861710419,-0.46696794029627814,-0.7301775962512633,-0.7741708070823732,2.0825215929707808,-0.5184474763497658,0.7285887368739633,-0.9284769706609198,-0.9166562950972531,-0.42169292840061406,-0.6867228846455076,-0.7541680018311898,1.2949144216657602,-0.42169323913558604,-0.6874861783542923,0.25194102336649726,-0.6072854823264385,-0.628117976619838,-0.6758920021860351,1.2121739334401398,-0.7484258977741569,-0.751678174811733,-0.907962676613276,-1.4713220335023784,-0.7489719792793689,0.2379151374597747,-0.7810384184294527,1,0
-0.13877323289236357,-0.25343181881989657,0.23253226572858354,-0.5301635106051584,0.9061980218775448,-0.19969960287733515,-0.26701859297399505,-0.003413080847526401,-0.15505977701192164,-0.5151102460812704,-0.2960780066469119,-0.42322725468475103,-0.16551759767655372,-0.46696794029627814,-0.7301775962512633,-0.3728796982899343,1.1219489024861036,-0.20587866022249543,0.14588227625779027,-0.6029616832258862,0.5128188881146444,-0.2181248031284999,-0.25445921407552785,-0.2090172223801214,-0.6401721789247746,-0.2181253149148645,-0.25143868823412946,-1.2138653537658022,-0.23195452909625408,-0.20024469554365407,-0.13023107469461817,-0.7082537177641374,-0.10442436753080298,-0.28136810896108394,-0.33330275470613935,0.3617203670404519,-0.040246322540080245,2.45017852593489,-0.39974647426354143,0,1
-0.6943600193831431,-0.6234052769511325,-0.6951230496780001,-0.5301635106051584,-0.602246458983953,-0.6291611144414967,-0.6317980915723488,-0.4909960590656278,-0.6520462417937216,-0.5151102460812704,-0.5662221732955541,0.3376508470116073,-0.6695855861710419,-0.46696794029627814,-0.7301775962512633,-0.6136543635653977,0.16137621200142585,-0.5184474763497658,0.7285887368739633,-0.7243210412591565,-0.828032116115115,-0.41769402213792056,-0.6507009120980093,-0.7060664624678602,0.6119426802808656,-0.4176935514901637,-0.6488168980618061,0.25194102336649726,-0.6072854823264385,-0.628117976619838,-0.6758920021860351,-0.2281468049630679,-0.7292019714982358,-0.6835172957029433,-0.7642976961364919,-0.7075543666095324,-0.6676428055551882,-0.8489823186522257,-0.6285216407630881,1,0
-0.632628154217501,-0.4384185478855145,-0.3859046112091388,-0.5301635106051584,-0.6493853490108747,-0.46811304760493616,-0.4494083422731719,1.8859709597476157,-0.5277996255982716,1.9728642809727779,-0.2960780066469119,0.3376508470116073,-0.5321124983998179,-0.19420629292695682,1.4013098100242094,-0.6939125853238854,0.16137621200142585,-0.414257870974009,-0.1283325287380557,-0.9254524383734863,-0.6048304801600999,-0.41168634993696934,-0.6326899258242601,-0.690032616013417,0.04279956246012006,-0.41168581433225354,-0.6371464395951549,1.3624003999818755,-0.41962000571134633,-0.467665496216269,-0.5546340182990536,2.2684091416024925,-0.7003660820843544,-0.6767012077920643,-0.8121860229620866,-0.40204729985239407,-0.7141166191118629,-1.3921050426721997,-0.7047800295962704,1,0
-0.3239688283892901,-0.4384185478855145,1.4694060196040284,-0.08539546479546173,-0.36655200884934397,-0.41443035865941596,-0.4494083422731719,-1.161422654115517,-0.4035530094028216,-0.5151102460812704,0.24421032665037257,2.575527616706779,-0.09678105379094167,-0.46696794029627814,-0.7301775962512633,0.26918607577796794,1.1219489024861036,-0.31006826559825224,0.7285887368739633,0.9229148557843301,-0.3266490294661657,-0.27126875907572384,-0.020316392516788868,0.07558355218624517,-0.2986863082323273,-0.27126887863268995,-0.011692754267900786,-0.858518353248881,-0.41962000571134633,-0.41418133608174607,0.02134140516410877,-0.996317865444779,0.0205311532626836,0.11396498986989641,0.14558051354980792,-0.5548008332309633,-0.005390962372574245,-0.5640547911651567,0.2484498308185077,1,0
3.6886024073774513,0.11654163931133928,2.087842896541751,3.6951329245869595,2.320364722685199,0.17607921974130622,0.09776090562435873,-0.9785790372837291,0.21768007157442837,0.13176313095278158,0.784498659947657,0.7852262009506416,0.15525294045630247,-0.19420629292695682,-0.030286209116033493,0.7306708508892727,-0.7991964784832517,0.21087976128053176,0.3858202306291558,1.1864272313269764,0.19771069617815265,0.0375661255568171,0.5920571407906823,0.6367681780917567,-0.5263435553606255,0.037566323008583494,0.5840231853731002,-0.6364264779258054,0.14337642413393045,0.17414442539800687,0.1729138850228357,-1.1883606305652066,0.5107412732986694,0.7205968139381249,0.9117937427593236,0.6672274337975903,1.8767984866727496,1.9494363265983476,1.0110337191503302,0,1
-0.38570069355493225,-0.6234052769511325,-0.6951230496780001,-0.5301635106051584,-0.5079686789301093,-0.6291611144414967,-0.6317980915723488,0.17943053598426142,-0.6520462417937216,-0.5151102460812704,-0.5662221732955541,0.3376508470116073,-0.6695855861710419,-0.46696794029627814,-0.7301775962512633,-0.6939125853238854,-0.7991964784832517,-0.5184474763497658,0.7285887368739633,-0.3655358986623539,-0.9535830363398108,-0.4203616528840031,-0.6507009120980093,-0.7060664624678602,1.6364002923582077,-0.42036157290897413,-0.6531355082715449,0.25194102336649726,-0.6072854823264385,-0.628117976619838,-0.6758920021860351,-0.4201895700834958,-0.6907541189463938,-0.7107816473464592,-0.6685210424853024,-1.4713220335023784,-0.6327874453876822,0.5639191734861696,-0.7047800295962704,1,0
0.23161795810148947,0.20903500384414825,0.850969142666306,-0.5301635106051584,0.10483689141987411,0.3371272865778668,0.18895578027394716,-0.6738396758974158,0.46617330396532836,-0.5151102460812704,1.5949311598935838,1.769891979616517,0.33855039081793453,-0.05782546924229617,0.22421974984223184,0.6504126291307849,-0.7991964784832517,0.21087976128053176,0.11160542563330947,0.6378526876937198,0.2773083384121101,-0.018183332340733206,0.3579143192319433,0.3882435580478873,-0.5263435553606255,-0.018183133334029076,0.36143156400633414,-0.36991622753811465,0.23720916244147658,0.33459690580157586,0.3851153568250534,-0.6122323352039234,0.31850201053945926,0.43432112168120807,0.7681287622825393,1.1254880339332978,0.4128733596374977,-0.2328346905623394,0.5725479833595323,1,0
-0.632628154217501,0.20903500384414825,0.850969142666306,-0.5301635106051584,-0.6493853490108747,0.22976190868682642,0.18895578027394716,0.7889092587568882,0.21768007157442837,0.7288770174457537,1.0546428265962993,0.9642563425262554,0.10942857786589444,0.6240786491810071,1.8148819933313907,-0.27255692109182456,0.16137621200142585,0.4192589720320454,0.7285887368739633,-0.39011022349775143,0.15996336068576034,-0.2599459488604782,-0.2364482278017787,-0.20100029915289983,-0.5263435553606255,-0.259946198982299,-0.24527610954818804,1.6733290254341813,0.23720916244147658,0.22762858553252988,0.08197039710759954,1.7883022288014228,-0.19093203577244752,-0.20639114194141528,-0.2854144278805446,0.2089668336618827,-0.4701290979393209,-1.3921050426721997,-0.3044234882220636,1,0
-0.632628154217501,-0.6234052769511325,-0.6951230496780001,-0.5301635106051584,-0.6493853490108747,-0.6291611144414967,-0.6317980915723488,-0.2472045699565771,-0.6520462417937216,-0.5151102460812704,-0.5662221732955541,0.3376508470116073,-0.6695855861710419,-0.46696794029627814,-0.7301775962512633,-0.6537834744446416,1.1219489024861036,-0.5184474763497658,0.7285887368739633,-0.9311234364124242,-0.7381770457582246,-0.41706316087535283,-0.6507009120980093,-0.7140833856950818,0.27045680958841833,-0.4170628856187577,-0.6594482472568512,0.25194102336649726,-0.6072854823264385,-0.628117976619838,-0.6758920021860351,0.05991734271757367,-0.7099780452223149,-0.7107816473464592,-0.8600743497876814,-1.0130614333666708,-0.6908797123335255,-1.3921050426721997,-0.6666508351796793,0,1
-0.07704136772672139,-0.1609384542870876,-0.3859046112091388,-0.30777948770031005,-0.13085755871473492,-0.14601691393181496,-0.17582371832440657,-0.18625669767931438,-0.15505977701192164,0.4800795647403498,-0.025933839998269675,0.02434809925428322,-0.21134196026696173,-0.46696794029627814,-0.7301775962512633,-0.2324278102125807,-0.7991964784832517,0.0025005505290181655,0.7285887368739633,-0.38897602388996383,-0.2355630677345236,-0.3444618206874043,-0.39854710426552115,-0.40543184144705047,-0.2986863082323273,-0.3444612869576835,-0.39036699720666773,-1.3471204789596474,-0.13812179078870793,-0.1467605354091311,-0.22117456260985432,-0.32416818752328186,-0.41200718794553914,-0.3972416034460265,-0.18963777422935515,0.6672274337975903,-0.20290466998844156,0.47068201918262065,-0.24722969659717692,1,0
-0.6943600193831431,-0.6234052769511325,-0.6951230496780001,-0.5301635106051584,-0.6493853490108747,-0.6291611144414967,-0.6317980915723488,0.849857131034151,-0.6520462417937216,-0.5151102460812704,-0.5662221732955541,0.3376508470116073,-0.6695855861710419,-0.46696794029627814,-0.7301775962512633,-0.7340416962031293,-0.7991964784832517,-0.5184474763497658,0.7285887368739633,-0.8127886106665874,-1.0356424613232722,-0.42319346255472,-0.7047338709192567,-0.7782187715128546,3.685315516512892,-0.4231937081233177,-0.7018655286214889,0.25194102336649726,-0.6072854823264385,-0.628117976619838,-0.6758920021860351,1.2121739334401398,-0.7964857134639594,-0.758494262722612,-0.9558510034388707,-1.6240755668809477,-0.7489719792793689,-1.3921050426721997,-0.7429092240128615,1,0
0.1698860929358473,0.34777505064336167,1.7786244580728896,-0.5301635106051584,0.010559111366030494,0.06871384185026581,0.5537352788723009,-0.06436095312478912,0.09343345537897838,0.18152262149386372,1.5949311598935838,0.7852262009506416,0.31563820952273053,-0.19420629292695682,-0.28479216807429886,0.34944429753645573,-0.7991964784832517,0.21087976128053176,-0.6424852881052672,0.42689156064523115,-0.26961772910266,-0.28732429868844284,-0.12838231015928378,-0.17294106785762425,-0.2986863082323273,-0.28732389680141907,-0.1284273709942857,-1.0806102285719565,0.04954368582638432,0.0671761051289609,0.23354287696632647,0.05991734271757367,-0.23899185146225005,-0.12459808701086761,0.8160170891081341,1.889255700826144,0.20374119863246173,-0.14155356047494896,0.2865790252350988,0,1
-0.5708962890518587,-0.34592518335270556,-0.6951230496780001,-0.5301635106051584,-0.6493853490108747,-0.36074766971389577,-0.35821346762358347,0.30132628053878685,-0.4035530094028216,1.1269529417744018,-0.5662221732955541,-1.0050752148054956,-0.4633759545142059,-0.19420629292695682,0.8604846472378954,-0.5133315863672879,1.1219489024861036,-0.20587866022249543,0.7285887368739633,-0.13037851331439695,-0.36890963333264837,-0.3504806943064583,-0.3625251317180228,-0.3533218404701101,-0.2986863082323273,-0.35048074652956024,-0.36234708534515064,0.6961247740126485,-0.3257872674038002,-0.36069717594722306,-0.4940050263555628,0.8280884031992845,-0.3543354091177761,-0.3495289880698737,-0.18963777422935515,-0.09654023309525568,-0.5979320852201763,-1.3921050426721997,-0.5331986547216103,1,0
0.3550816884327738,-0.4384185478855145,-0.07668617274027764,3.0279808558724146,0.859059131850623,-0.41443035865941596,-0.4494083422731719,-1.2833183986700425,-0.4035530094028216,-0.5151102460812704,-0.5662221732955541,-0.7812875378359786,-0.18842977897175772,-0.46696794029627814,-0.7301775962512633,0.5300252964930533,-0.7991964784832517,-0.31006826559825224,0.7285887368739633,1.4457808749744017,0.4110652011351521,0.26032097754852124,0.9522768662656653,1.065673570748112,-0.5263435553606255,0.26032149440992414,0.948264020336899,-0.858518353248881,-0.41962000571134633,-0.41418133608174607,-0.09991657872287277,-1.2843820131254204,1.0009513933346552,1.1022977369473472,0.9117937427593236,0.2089668336618827,0.7381900545342204,1.3059043594822444,0.7631939554424879,1,0
-0.5708962890518587,-0.4384185478855145,-0.6951230496780001,-0.08539546479546173,-0.6493853490108747,-0.41443035865941596,-0.4494083422731719,-0.4909960590656278,-0.4035530094028216,-0.5151102460812704,-0.5662221732955541,-0.7812875378359786,-0.4862881358094099,-0.46696794029627814,-0.7301775962512633,-0.43307336460880014,-0.7991964784832517,-0.5184474763497658,-0.9852537943500748,-0.6687452604775653,-0.33321378346484265,-0.37925642104274504,-0.506613021908016,-0.5377110746962067,-0.2986863082323273,-0.3792569283349022,-0.5135525003937749,-0.858518353248881,-0.41962000571134633,-0.41418133608174607,-0.4940050263555628,-0.13212542240285421,-0.5465746718769863,-0.526747273752727,-0.5248560620085182,0.2089668336618827,-0.5282213648851642,-0.7994297051762138,-0.418811071471837,1,0
0.416813553598416,1.3652020605042603,-0.07668617274027764,0.8041406268239315,0.48194801163524853,0.9813195539241092,1.5568789000177738,-0.2472045699565771,0.8389131525516784,1.773826318808454,3.215796159785437,0.6957111301628346,1.003003648378851,2.533410180766256,2.069387952289656,1.4529948467156628,-0.7991964784832517,1.7737238419168837,0.4543739318781174,0.2854946762077135,1.2308388567199315,0.509804757616324,0.7721670035281738,0.7610304881136915,-0.6401721789247746,0.5098049418966322,0.7684200329933737,1.9398392758218723,1.0817038072093916,1.0298909875503748,0.8095183004294888,-0.036104039842640274,0.7606523148856426,0.7546772534925198,1.0554587232361077,2.500269834340421,1.0751252028201117,-0.03397222858623874,1.449519454941128,0,1
0.7254728794266269,-0.34592518335270556,-0.07668617274027764,-0.5301635106051584,-0.13085755871473492,-0.3070649807683756,-0.35821346762358347,-0.612891803620153,-0.2793063932073716,-0.5151102460812704,-0.025933839998269675,0.7852262009506416,-0.3946394106285938,-0.19420629292695682,0.8604846472378954,-0.21236325477295875,-0.7991964784832517,-0.31006826559825224,0.04305172438434827,-0.07669306521245173,-0.256077923980389,-0.32314167969090113,-0.2904811866230262,-0.2651356849706726,-0.2986863082323273,-0.32314173267653007,-0.29117710985809453,0.6961247740126485,-0.3257872674038002,-0.30721301581270005,-0.4030615384403266,-0.996317865444779,-0.4216191510834997,-0.1518624386543835,-0.2854144278805446,0.3617203670404519,0.15726738507578708,0.31550409803405677,-0.24722969659717692,0,1
-0.26223696322364787,-0.06844508975427865,-0.07668617274027764,-0.5301635106051584,-0.22513533876857852,-0.03865153604077458,-0.08462884367481814,0.05753479142973632,-0.03081316081647163,0.33080109311710565,-0.025933839998269675,-0.1994395777152339,-0.07386887249573766,-0.46696794029627814,-0.7301775962512633,-0.2324278102125807,0.16137621200142585,-0.20587866022249543,-0.5396547362318248,-0.39464702192890166,0.09267463219932197,-0.27715438791897384,-0.27247020034927705,-0.257118761743451,-0.5263435553606255,-0.27715470268534687,-0.2720947390147848,-1.3915388540242626,-0.044289052481161814,-0.039792215140085095,-0.06960208275112739,0.05991734271757367,-0.25821577773817106,-0.25410375731756807,-0.18963777422935515,0.6672274337975903,-0.27261539032345355,0.11272958762563895,-0.2662942938054725,0,1
-0.632628154217501,-0.6234052769511325,-0.6951230496780001,-0.5301635106051584,-0.6493853490108747,-0.6291611144414967,-0.6317980915723488,-0.2472045699565771,-0.6520462417937216,-0.5151102460812704,-0.5662221732955541,0.3376508470116073,-0.6695855861710419,-0.46696794029627814,-0.7301775962512633,-0.6537834744446416,1.1219489024861036,-0.5184474763497658,0.7285887368739633,-0.8861335186368505,-0.5383623459234962,-0.4070273415004979,-0.614678939550511,-0.6619733847181415,-0.071029061104029,-0.4070273270219053,-0.6172832351951469,0.25194102336649726,-0.6072854823264385,-0.628117976619838,-0.6758920021860351,0.05991734271757367,-0.6619182295325123,-0.6562529440594275,-0.7642976961364919,-0.40204729985239407,-0.6908797123335255,-1.3921050426721997,-0.6666508351796793,0,1
-0.6943600193831431,-0.6234052769511325,-0.6951230496780001,-0.5301635106051584,-0.6493853490108747,-0.6291611144414967,-0.6317980915723488,4.506729467669911,-0.6520462417937216,-0.5151102460812704,-0.5662221732955541,0.3376508470116073,-0.692497767466246,-0.46696794029627814,-0.7301775962512633,-0.7942353625219952,-0.7991964784832517,-0.7268266871012794,-2.699096325574113,-1.1386819646375503,-1.076672173815003,-0.4236830036005259,-0.7227448571930059,-0.8062780028081301,6.758688352744919,-0.42368253278572715,-0.7180047575972437,0.25194102336649726,-0.6072854823264385,-0.628117976619838,-0.7062064981577805,3.2286229672046307,-0.825321602877841,-0.7857586143661279,-1.099515983915655,-1.929582633638086,-0.7838273394468749,-1.3921050426721997,-0.8001030156377482,1,0
-0.632628154217501,-0.34592518335270556,0.23253226572858354,-0.5301635106051584,-0.6493853490108747,-0.3070649807683756,-0.35821346762358347,-0.4300481867883651,-0.2793063932073716,-0.5151102460812704,0.24421032665037257,1.6803769088287104,-0.3029906854477778,0.07855535444236449,2.451146890727054,-0.29262147653144654,-0.7991964784832517,-0.31006826559825224,0.04305172438434827,-0.23812747605421655,-0.6987885217661631,-0.40200005388163557,-0.5426349944555143,-0.5697787676050932,0.15662818602426912,-0.4019995836716075,-0.53534376303763,2.472859776597254,-0.3257872674038002,-0.30721301581270005,-0.2818035545533451,0.05991734271757367,-0.5850225244288283,-0.5540116253962428,-0.33330275470613935,-0.24929376647382487,-0.48174755132848956,-1.3921050426721997,-0.3234880854303592,0,1
-0.3239688283892901,0.16278832157774376,-0.3859046112091388,-0.30777948770031005,-0.46082978890318754,-0.2533822918228554,0.37134552957312406,0.9108050033114133,-0.4035530094028216,4.460838808026827,1.0546428265962993,0.5166809885872212,-0.09678105379094167,0.3513170018116858,0.8604846472378954,-0.21236325477295875,-0.7991964784832517,0.10669015590477496,-0.5739315868563056,-0.27064119814412696,-0.3586522052097157,-0.3572509095572089,-0.39854710426552115,-0.41745722628788284,-0.2986863082323273,-0.35725044059530286,-0.3999592371301067,0.42961452362495794,-0.13812179078870793,-0.25372885567817705,-0.2514890585815997,1.3081953160003537,-0.46967896677330223,-0.3767933397133896,-0.18963777422935515,0.6672274337975903,-0.31908920388012824,-0.48646583059087467,-0.22816509938888135,0,1
0.1698860929358473,-0.5309119124183235,2.087842896541751,0.3593725810142349,0.10483689141987411,-0.5217957365504563,-0.5406032169227604,-1.0395269095609918,-0.5277996255982716,-0.5151102460812704,-0.5662221732955541,-0.42322725468475103,-0.28007850415257374,-0.46696794029627814,-0.7301775962512633,-0.21236325477295875,-0.7991964784832517,-0.414257870974009,0.7285887368739633,2.33953016591101,-0.8251600362406938,-0.38684375369428414,-0.27247020034927705,-0.28918645465233733,0.6119426802808656,-0.3868436746541207,-0.27665360570350755,-0.5031713527319599,-0.5134527440188924,-0.521149656350792,-0.19086006663810892,-1.1883606305652066,-0.27743970401409207,-0.2950002847828419,0.6723521086313499,-0.8603078999881016,-0.05186477592924891,1.1650706159188415,-0.17097130776399466,1,0
-0.20050509805800573,-0.4384185478855145,-0.3859046112091388,-0.5301635106051584,-0.36655200884934397,-0.41443035865941596,-0.4494083422731719,-0.3081524422338398,-0.4035530094028216,-0.5151102460812704,-0.2960780066469119,0.3376508470116073,-0.4404637732190018,-0.46696794029627814,-0.7301775962512633,-0.45313792004842207,-0.7991964784832517,-0.31006826559825224,0.7285887368739633,-0.0653510691345761,-0.5761096814158885,-0.382570608061644,-0.4525800630867686,-0.4695672272648232,-0.071029061104029,-0.3825708547632753,-0.44542176936586736,-0.858518353248881,-0.41962000571134633,-0.41418133608174607,-0.433376034412072,-0.5162109526437096,-0.43123111422146015,-0.49266683419833207,-0.045972793752570976,-0.09654023309525568,-0.4236552843826462,0.1727143302544957,-0.4760048630967237,1,0
-0.4474325587205744,-0.34592518335270556,-0.6951230496780001,-0.5301635106051584,-0.46082978890318754,-0.3070649807683756,-0.35821346762358347,-0.4300481867883651,-0.2793063932073716,-0.5151102460812704,-0.5662221732955541,-1.0050752148054956,-0.4633759545142059,-0.46696794029627814,-0.7301775962512633,-0.3126860319710685,0.16137621200142585,-0.20587866022249543,0.7285887368739633,-0.674038191980574,-0.04395431039814118,-0.34214221539679424,-0.43456907681301943,-0.3934064566062181,-0.4125149317964764,-0.34214259347507936,-0.4405205371945923,-1.0806102285719565,-0.3257872674038002,-0.30721301581270005,-0.4940050263555628,-0.2281468049630679,-0.4504550404973812,-0.3495289880698737,-0.7164093693108972,-0.5548008332309633,-0.41203683099347754,-0.5229782826258309,-0.34255268263865474,1,0
-0.6943600193831431,-0.6234052769511325,-0.6951230496780001,-0.5301635106051584,-0.6493853490108747,-0.6291611144414967,-0.6317980915723488,2.495449682520243,-0.6520462417937216,-0.5151102460812704,-0.5662221732955541,0.3376508470116073,-0.692497767466246,-0.46696794029627814,-0.7301775962512633,-0.7741708070823732,0.16137621200142585,-0.5184474763497658,0.7285887368739633,-1.0241278042510054,-0.7689493301270227,-0.4193485757909398,-0.6687118983717585,-0.7381341553767466,0.3842854331525674,-0.4193487563422552,-0.6775936178321231,0.25194102336649726,-0.6072854823264385,-0.628117976619838,-0.7062064981577805,2.2684091416024925,-0.7772617871880384,-0.7039655594355803,-1.0037393302644655,-1.0130614333666708,-0.7722088860577062,-1.3921050426721997,-0.7810384184294527,0,1
-0.20050509805800573,0.48651509744257515,-0.3859046112091388,-0.5301635106051584,0.2933924515275613,0.659223420250988,0.4625404042227125,0.6060656419251002,0.8389131525516784,-0.5151102460812704,0.24421032665037257,-0.6022573962603649,0.7509696541316068,-0.46696794029627814,-0.7301775962512633,-0.05184681125598317,4.003666973940136,0.4192589720320454,0.008774873759867479,-0.12357331566767153,0.5226660191126595,-0.0803248925035413,0.05172755257820771,0.19583740059456908,-0.6401721789247746,-0.08032482201265805,0.05972949052208846,-1.6580491044119534,0.518707377364115,0.6555018666087138,0.8398327964012342,0.34798149039821524,0.4819053838847879,-0.008724592525925091,-0.0938611205781657,-0.40204729985239407,-0.02862786915091158,0.8182023215867574,-0.09471291893081242,0,1
-0.015309502561079217,-0.34592518335270556,0.23253226572858354,-0.5301635106051584,-0.08371866868781312,-0.3070649807683756,-0.35821346762358347,-0.5519439313428903,-0.2793063932073716,-0.5151102460812704,-0.2960780066469119,-0.10992450692742695,-0.3488150480381858,-0.19420629292695682,0.8604846472378954,-0.2524923656522026,-0.7991964784832517,-0.7268266871012794,-2.699096325574113,-0.08916926089811497,-0.4095290486994617,-0.355776555461692,-0.3625251317180228,-0.38538953337899645,-0.1848576846681782,-0.3557769331596945,-0.36977701695773296,0.6961247740126485,-0.3257872674038002,-0.30721301581270005,-0.34243254649683585,-0.7082537177641374,-0.4216191510834997,-0.35634507598075266,-0.045972793752570976,0.5144739004190211,-0.20290466998844156,0.5163225842263158,-0.28535889101376805,1,0
-0.632628154217501,-0.34592518335270556,-0.6951230496780001,-0.5301635106051584,-0.6493853490108747,-0.3070649807683756,-0.35821346762358347,-0.2472045699565771,-0.2793063932073716,-0.5151102460812704,-0.5662221732955541,-1.0050752148054956,-0.3259028667429818,-0.46696794029627814,-0.7301775962512633,-0.3728796982899343,1.1219489024861036,-0.20587866022249543,0.7285887368739633,0.06016702079391544,-0.28726050547410437,-0.32001029721045865,-0.25445921407552785,-0.21703414560734302,-0.2986863082323273,-0.3200106759060368,-0.2613913128760445,-1.0806102285719565,-0.3257872674038002,-0.30721301581270005,-0.31211805052509045,0.2519601078380013,-0.19093203577244752,-0.23365549358493115,-0.14174944740376044,-0.40204729985239407,-0.5282213648851642,-1.3921050426721997,-0.39974647426354143,1,0
-0.38570069355493225,-0.5309119124183235,-0.6951230496780001,-0.5301635106051584,-0.3194131188224221,-0.5217957365504563,-0.5406032169227604,-0.3081524422338398,-0.5277996255982716,-0.5151102460812704,-0.5662221732955541,-0.42322725468475103,-0.6008490422854299,-0.46696794029627814,-0.7301775962512633,-0.5534606972465318,1.1219489024861036,-0.6226370817255226,-1.5679602549662477,-0.7356630373370322,-0.8645485602327553,-0.4191326879943658,-0.6507009120980093,-0.710074924081471,0.8395999274091638,-0.4191330639252688,-0.6587755291156959,-0.5031713527319599,-0.5134527440188924,-0.521149656350792,-0.6152630102425444,-0.5162109526437096,-0.7388139346361964,-0.6835172957029433,-0.8600743497876814,-1.16581496674524,-0.5049844581068269,0.7810378614797484,-0.5713278491382014,0,1
-0.4474325587205744,-0.5309119124183235,-0.3859046112091388,-0.5301635106051584,-0.5551075689570312,-0.5754784254959765,-0.5406032169227604,-0.5519439313428903,-0.6520462417937216,4.460838808026827,-0.2960780066469119,1.098528948707966,-0.5779368609902259,-0.19420629292695682,2.451146890727054,-0.47320247548804406,0.16137621200142585,-0.414257870974009,0.7285887368739633,-0.6025836166899569,-0.49363995930750965,-0.3924068207708883,-0.5426349944555143,-0.5577533827642608,-0.1848576846681782,-0.39240713232269453,-0.5387193665673562,2.472859776597254,-0.5134527440188924,-0.574633816485315,-0.584948514270799,-0.4201895700834958,-0.5561866350149468,-0.5540116253962428,-0.5727443888341129,-0.40204729985239407,-0.5282213648851642,-0.7400969706194099,-0.49506946030501925,1,0
-0.6943600193831431,-0.6234052769511325,-0.6951230496780001,-0.5301635106051584,-0.6493853490108747,-0.6291611144414967,-0.6317980915723488,-0.6738396758974158,-0.6520462417937216,-0.5151102460812704,-0.5662221732955541,0.3376508470116073,-0.6695855861710419,-0.46696794029627814,-0.7301775962512633,-0.5735252526861537,1.1219489024861036,-0.5184474763497658,0.7285887368739633,-0.594644219435444,-0.7074047613894267,-0.4096019093019939,-0.5966679532767618,-0.6098633837412011,0.27045680958841833,-0.4096015691289825,-0.5984351144188468,0.25194102336649726,-0.6072854823264385,-0.628117976619838,-0.6758920021860351,-0.32416818752328186,-0.6042464507047492,-0.6085403286832746,-0.7642976961364919,-1.3185685001238092,-0.6560243521660195,-1.3921050426721997,-0.590392446346497,1,0
-0.5091644238862165,-0.34592518335270556,-0.6951230496780001,-0.5301635106051584,-0.5551075689570312,-0.3070649807683756,-0.35821346762358347,1.4593358538067775,-0.2793063932073716,-0.5151102460812704,-0.5662221732955541,-1.0050752148054956,-0.3259028667429818,-0.46696794029627814,-0.7301775962512633,-0.6337189190050196,2.0825215929707808,-0.31006826559825224,0.04305172438434827,-0.58708288871686,-0.5506712596710154,-0.39716286474790125,-0.5426349944555143,-0.5577533827642608,-0.071029061104029,-0.39716291566896605,-0.5514769856014103,-1.0806102285719565,-0.3257872674038002,-0.30721301581270005,-0.31211805052509045,1.2121739334401398,-0.4985148561871837,-0.5949081528615167,-0.6206327156597077,-1.0130614333666708,-0.6327874453876822,-0.30520758656019903,-0.6475862379713837,0,1
-0.5708962890518587,-0.4384185478855145,-0.6951230496780001,1.0265246497287799,-0.6493853490108747,-0.41443035865941596,-0.4494083422731719,-0.9785790372837291,-0.4035530094028216,-0.5151102460812704,-0.5662221732955541,-0.7812875378359786,-0.4633759545142059,-0.46696794029627814,-0.7301775962512633,-0.13210503301447096,-0.7991964784832517,-0.414257870974009,-0.1283325287380557,1.2514546755067972,-0.27659278022625433,-0.22688496333011465,0.14178248394695345,0.1757950925265151,-0.2986863082323273,-0.22688547487214497,0.14184915503884352,-0.858518353248881,-0.41962000571134633,-0.41418133608174607,-0.4636905303838174,-0.7082537177641374,0.3473378999533408,0.052620198671985655,0.8160170891081341,-0.24929376647382487,-0.2958522971017909,-0.30520758656019903,-0.037519127305925735,1,0
-0.20050509805800573,-0.6234052769511325,-0.3859046112091388,0.5817566039190832,-0.27227422879550034,-0.6291611144414967,-0.6317980915723488,-1.344266270947305,-0.6520462417937216,-0.5151102460812704,-0.5662221732955541,0.3376508470116073,-0.3259028667429818,-0.46696794029627814,-0.7301775962512633,0.028411410502504612,-0.7991964784832517,-0.5184474763497658,0.7285887368739633,1.2945542606027252,0.0019989675925970963,-0.07313534044369874,0.44796925060068915,0.5606074074331516,-0.4125149317964764,-0.07313546552690917,0.44067415718725483,0.25194102336649726,-0.6072854823264385,-0.628117976619838,-0.22117456260985432,-1.2843820131254204,0.37617378936722234,0.68651637438373,0.480798801328971,-0.09654023309525568,-0.06348322931841757,0.12120569256232538,0.07686845594384764,1,0
-0.632628154217501,-0.1609384542870876,-0.6951230496780001,0.8041406268239315,-0.6493853490108747,-0.09233422498629477,-0.17582371832440657,0.24037840826152412,-0.03081316081647163,-0.5151102460812704,-0.5662221732955541,-1.2736204271689162,-0.16551759767655372,-0.46696794029627814,-0.7301775962512633,-0.493267030927666,1.1219489024861036,-0.31006826559825224,-0.7453158399787095,-0.7991782153731364,0.44717134812787523,-0.28465549570093096,-0.39854710426552115,-0.3613387636973317,-0.5263435553606255,-0.28465587538260867,-0.39074540116106765,-1.3471204789596474,-0.13812179078870793,-0.0932763752746081,-0.16054557066636355,1.0201311683197123,-0.3543354091177761,-0.3631611638916316,-0.6206327156597077,0.2089668336618827,-0.5282213648851642,0.30898401731352876,-0.39974647426354143,1,0
-0.632628154217501,-0.6234052769511325,-0.3859046112091388,-0.30777948770031005,-0.6493853490108747,-0.6291611144414967,-0.6317980915723488,-0.6738396758974158,-0.6520462417937216,-0.5151102460812704,-0.5662221732955541,0.3376508470116073,-0.6466734048758379,-0.46696794029627814,-0.7301775962512633,-0.5935898081257757,-0.7991964784832517,-0.5184474763497658,0.7285887368739633,-0.7560786302772087,-0.8452645953616418,-0.41862738681378736,-0.6507009120980093,-0.7140833856950818,0.7257713038450149,-0.418627827883306,-0.6565231246252202,0.25194102336649726,-0.6072854823264385,-0.628117976619838,-0.6455775062142897,-0.32416818752328186,-0.7388139346361964,-0.6903333836138222,-0.8121860229620866,-0.8603078999881016,-0.6444058987768508,-0.8907108352636043,-0.590392446346497,1,0
-0.6943600193831431,-0.6234052769511325,-0.3859046112091388,-0.5301635106051584,-0.6493853490108747,-0.6291611144414967,-0.6317980915723488,-0.6738396758974158,-0.6520462417937216,-0.5151102460812704,-0.2960780066469119,2.575527616706779,-0.6466734048758379,-0.46696794029627814,-0.7301775962512633,-0.5735252526861537,2.0825215929707808,-0.5184474763497658,0.7285887368739633,-0.865717925696674,-0.6105746399089422,-0.41024507909957003,-0.6326899258242601,-0.6699903079453631,0.04279956246012006,-0.4102451296557518,-0.6258543850829037,0.25194102336649726,-0.6072854823264385,-0.628117976619838,-0.6455775062142897,-0.32416818752328186,-0.6907541189463938,-0.6494368561485484,-0.8121860229620866,-0.5548008332309633,-0.6444058987768508,-1.3921050426721997,-0.590392446346497,1,0
-0.3239688283892901,-0.5309119124183235,-0.3859046112091388,0.3593725810142349,-0.5079686789301093,-0.5217957365504563,-0.5406032169227604,-0.36910031451110237,-0.5277996255982716,-0.5151102460812704,-0.5662221732955541,-0.42322725468475103,-0.5550246796950219,-0.46696794029627814,-0.7301775962512633,-0.6136543635653977,0.16137621200142585,-0.414257870974009,0.7285887368739633,-0.5969126186510191,-0.55149185392085,-0.39758207130794554,-0.5606459807292634,-0.5657703059914824,-0.071029061104029,-0.39758257808897224,-0.5539636401588954,-0.5031713527319599,-0.5134527440188924,-0.521149656350792,-0.5546340182990536,-0.4201895700834958,-0.5850225244288283,-0.5471955374853639,-0.6685210424853024,-0.7075543666095324,-0.5282213648851642,1.1435543495410996,-0.5522632519299059,1,0
-0.38570069355493225,0.39402173290976616,-0.07668617274027764,-0.5301635106051584,0.48194801163524853,0.390809975523387,0.37134552957312406,-0.2472045699565771,0.3419266877698784,1.1269529417744018,0.5143544932990148,-0.1994395777152339,0.3843747534083426,0.48769782549634644,1.1149906061961607,0.3695088529760777,1.1219489024861036,0.627638182783559,0.7285887368739633,-0.6305605403487171,2.5544573817031635,0.5662188112797982,0.2858703741369468,0.5084974064562112,-0.7540008024889238,0.5662190591111541,0.2916971209812078,0.7849615241418788,0.4248746390565688,0.38808106593609887,0.3851153568250534,-0.2281468049630679,0.7029805360578795,0.36616024257241836,-0.3811910815317341,0.3617203670404519,0.22697810541079907,0.47068201918262065,0.3056436224433944,0,1
-0.26223696322364787,-0.6234052769511325,0.5417507041974448,-0.30777948770031005,-0.36655200884934397,-0.6291611144414967,-0.6317980915723488,-1.0395269095609918,-0.6520462417937216,-0.5151102460812704,-0.2960780066469119,2.575527616706779,-0.5779368609902259,-0.46696794029627814,-0.7301775962512633,-0.39294425372955627,-0.7991964784832517,-0.5184474763497658,0.7285887368739633,0.3422046565970922,-0.25279554698105056,-0.2887918798334789,-0.14639329643303295,-0.08876337397179751,-0.2986863082323273,-0.2887915430300442,-0.1459721003720974,0.25194102336649726,-0.6072854823264385,-0.628117976619838,-0.5546340182990536,-1.0923392480049927,-0.03714062556507944,-0.12459808701086761,0.04980385989861848,-0.40204729985239407,-0.3887999242151402,0.18184244326323482,-0.39974647426354143,1,0
0.1698860929358473,-0.1609384542870876,0.23253226572858354,0.1369885581093866,0.1519757814467959,-0.09233422498629477,-0.17582371832440657,-0.9785790372837291,-0.03081316081647163,-0.5151102460812704,0.5143544932990148,1.2775590902835792,-0.11969323508614568,-0.46696794029627814,-0.7301775962512633,0.4898961856138094,-0.7991964784832517,0.0025005505290181655,0.7285887368739633,0.543336053711422,0.5382573098595174,0.11789260188877845,0.5020022094219366,0.5766412538875948,-0.6401721789247746,0.11789299247368265,0.4999033856688027,-1.3471204789596474,-0.13812179078870793,-0.0932763752746081,-0.09991657872287277,-0.900296482884565,0.41462164191906437,0.68651637438373,0.5286871281545658,0.9727345005547287,0.3547810926916544,0.12446573292258938,0.47722499731805446,1,0
5.787485823009284,5.018689959550215,4.252371965823779,3.6951329245869595,5.148698124300507,4.685425091165003,4.931089262052547,-0.003413080847526401,4.069325173633379,2.4206996958425058,1.5949311598935838,-1.2736204271689162,4.302357754888229,4.306360888666845,1.0513641164565946,3.680160500513699,-0.7991964784832517,5.628739240819885,0.6257581850005209,1.9943554186076584,2.685752461676702,4.565947922332167,4.212265381814262,4.055985934501766,-0.7540008024889238,4.5659477329823455,4.214881204783931,0.562869648818803,5.116511554433875,4.666813876697939,4.053169369406246,-0.32416818752328186,3.6154053668599127,4.33312340670398,2.5399968548295444,2.3475163009618516,4.676845753462398,1.1305141881000436,3.8135295087697774,0,1
0.7254728794266269,-0.06844508975427865,0.23253226572858354,1.6936767184433248,0.623364681716014,0.015031152904745621,-0.08462884367481814,-1.0395269095609918,0.09343345537897838,-0.5151102460812704,-0.2960780066469119,-0.7812875378359786,0.08651639657069042,-0.46696794029627814,-0.7301775962512633,0.6704771845704068,-0.7991964784832517,-0.20587866022249543,-0.5396547362318248,3.81701418832229,-0.016054105903764316,0.24060550481976567,1.5106174407518893,1.3502743453144785,-0.4125149317964764,0.24060556635940888,1.5178160294165346,-1.3915388540242626,-0.044289052481161814,0.013691944994437898,0.14259938905109032,-0.996317865444779,1.7410725549576143,1.0614012094820735,3.5456517181670333,0.6672274337975903,0.7614269613125577,0.7621296273902176,0.7822585526507835,1,0
-0.3239688283892901,-0.06844508975427865,-0.3859046112091388,-0.5301635106051584,-0.5551075689570312,-0.03865153604077458,-0.08462884367481814,-0.003413080847526401,-0.03081316081647163,0.33080109311710565,-0.2960780066469119,-0.7812875378359786,-0.07386887249573766,-0.19420629292695682,0.19240650497244866,-0.21236325477295875,1.1219489024861036,-0.31006826559825224,-0.9852537943500748,-0.06913173449386806,0.013897584215198964,-0.25110106165333024,-0.16440428270678212,-0.12483952849429468,-0.4125149317964764,-0.2511004654030619,-0.15570248777095225,-0.28107947740888434,-0.044289052481161814,-0.039792215140085095,-0.06960208275112739,0.34798149039821524,-0.08520044125488196,-0.1518624386543835,0.04980385989861848,0.3617203670404519,-0.35394456404763425,-0.9969881510082091,-0.24722969659717692,1,0
0.10815422777020513,-0.25343181881989657,-0.6951230496780001,-0.5301635106051584,-0.5551075689570312,-0.19969960287733515,-0.26701859297399505,0.5451177696478374,-0.15505977701192164,-0.5151102460812704,-0.5662221732955541,-1.1393478209872059,-0.3029906854477778,-0.46696794029627814,-0.7301775962512633,-0.493267030927666,0.16137621200142585,-0.20587866022249543,0.14588227625779027,-0.9398189667387956,0.051644919707591275,-0.3657444499581678,-0.5426349944555143,-0.55374492115065,-0.5263435553606255,-0.3657445017555403,-0.5382989177291341,-1.2138653537658022,-0.23195452909625408,-0.20024469554365407,-0.31211805052509045,0.15593872527778735,-0.5561866350149468,-0.5471955374853639,-0.7642976961364919,0.05621330028331351,-0.4352737377718149,-0.7055405428006121,-0.5141340575133148,1,0
-0.5091644238862165,-0.5309119124183235,-0.6951230496780001,-0.08539546479546173,-0.3194131188224221,-0.5217957365504563,-0.5406032169227604,-0.9785790372837291,-0.5277996255982716,-0.5151102460812704,-0.5662221732955541,-0.42322725468475103,-0.5779368609902259,-0.46696794029627814,-0.7301775962512633,-0.27255692109182456,1.1219489024861036,-0.414257870974009,0.7285887368739633,-0.5307509748634106,-0.007437866280500981,-0.3178303188989903,-0.3625251317180228,-0.3573303020837209,-0.4125149317964764,-0.3178303069082392,-0.3683414844958032,-0.5031713527319599,-0.5134527440188924,-0.521149656350792,-0.584948514270799,-0.900296482884565,-0.36394737225573665,-0.3495289880698737,-0.3811910815317341,0.3617203670404519,-0.3423261106584656,0.193578588560185,-0.2662942938054725,1,0
-0.38570069355493225,-0.5309119124183235,-0.6951230496780001,-0.5301635106051584,0.6705035717429357,-0.5217957365504563,-0.5406032169227604,-0.06436095312478912,-0.5277996255982716,-0.5151102460812704,-0.5662221732955541,-0.42322725468475103,-0.6008490422854299,-0.46696794029627814,-0.7301775962512633,-0.5935898081257757,-0.7991964784832517,-0.7268266871012794,-2.699096325574113,0.06961868419214523,-0.7689493301270227,-0.4040917233387587,-0.5246240081817652,-0.5056433817873204,0.3842854331525674,-0.4040920345646552,-0.5212407077212652,-0.5031713527319599,-0.5134527440188924,-0.521149656350792,-0.6152630102425444,-0.996317865444779,-0.6426943032565913,-0.40405769135690545,-0.6685210424853024,-1.0130614333666708,-0.2842338437126222,3.1719514616973288,-0.6094570435547926,1,0
-0.07704136772672139,-0.34592518335270556,0.23253226572858354,-0.5301635106051584,-0.13085755871473492,-0.3070649807683756,-0.35821346762358347,-0.003413080847526401,-0.2793063932073716,-0.5151102460812704,-0.2960780066469119,-0.10992450692742695,-0.3488150480381858,-0.19420629292695682,0.8604846472378954,-0.45313792004842207,-0.7991964784832517,-0.7268266871012794,-2.699096325574113,-0.2638360004974015,-0.5203092724271347,-0.3817114202184463,-0.4705910493605177,-0.4815926121056556,-0.071029061104029,-0.3817116018195196,-0.4652729609419261,0.6961247740126485,-0.3257872674038002,-0.30721301581270005,-0.34243254649683585,-0.4201895700834958,-0.5273507456010652,-0.4449542188221793,-0.33330275470613935,0.05621330028331351,-0.3423261106584656,0.9988085575453804,-0.4760048630967237,1,0
0.787204744592269,0.34777505064336167,-0.6951230496780001,0.1369885581093866,0.1519757814467959,-0.41443035865941596,1.009709652120243,-0.3081524422338398,-0.4035530094028216,-0.5151102460812704,-0.5662221732955541,-1.6764382457140472,0.31563820952273053,-0.46696794029627814,-0.7301775962512633,0.991510071604358,0.16137621200142585,1.3569654204138566,0.7285887368739633,1.1384127812639693,-0.16663315074841606,-0.18426154858878638,0.21382642904195012,0.1437273996176287,-0.4125149317964764,-0.18426160544799475,0.2098357321793607,-1.7468858545411836,-0.41962000571134633,-0.41418133608174607,0.08197039710759954,-0.13212542240285421,0.030143116400644106,0.22302239644395996,1.5822303183176498,2.194762767583282,0.7614269613125577,-0.21718649683307256,0.9538399275254434,1,0
0.3550816884327738,0.48651509744257515,0.23253226572858354,0.1369885581093866,0.19911467147371772,0.4444926644689072,0.4625404042227125,-0.5519439313428903,0.3419266877698784,1.6743073377262918,0.784498659947657,0.02434809925428322,0.3614625721131386,0.6240786491810071,1.2422435856752934,0.7507354063288947,-0.7991964784832517,0.7318277881593157,0.7285887368739633,0.8257517560505279,0.7581765688151938,0.3733314986667829,0.8622219348969197,0.9213689526581234,-0.6401721789247746,0.3733314262554509,0.8677180357574897,0.8737982742711091,0.518707377364115,0.4415652260706218,0.32448636488156263,-0.4201895700834958,0.693368572919919,1.0750333853038314,0.9117937427593236,1.4309951006904362,0.5522948003075218,-0.022888091361341203,0.7250647610258968,1,0
-0.38570069355493225,-0.6234052769511325,-0.6951230496780001,-0.5301635106051584,-0.5079686789301093,-0.6291611144414967,-0.6317980915723488,0.17943053598426142,-0.6520462417937216,-0.5151102460812704,-0.5662221732955541,0.3376508470116073,-0.6695855861710419,-0.46696794029627814,-0.7301775962512633,-0.6939125853238854,-0.7991964784832517,-0.5184474763497658,0.7285887368739633,-0.3318879769646559,-0.9535830363398108,-0.420244428741067,-0.6507009120980093,-0.7020580008542494,1.6364002923582077,-0.4202443487693076,-0.6507329434817042,0.25194102336649726,-0.6072854823264385,-0.628117976619838,-0.6758920021860351,-0.4201895700834958,-0.6907541189463938,-0.7039655594355803,-0.6685210424853024,-1.4713220335023784,-0.6327874453876822,0.5639191734861696,-0.7047800295962704,1,0
3.0095518905553873,4.556223136886169,2.087842896541751,3.6951329245869595,3.9702258736274625,5.061203913783644,4.475114888804605,-0.4300481867883651,5.560284567978779,0.08200364041170169,3.485940326434079,-0.6470149316542682,4.852250105973125,4.7155033597208265,1.4013098100242094,4.92416293777026,-0.7991964784832517,4.065895160183533,0.008774873759867479,2.719865101055776,2.8043283307778037,6.034179140365386,5.473034420976703,5.106202877267795,-0.7540008024889238,6.034178910064348,5.475446885893598,1.0070533994649546,4.647347862896145,5.0412029976396,4.932289752586861,-0.4201895700834958,5.07642376382991,5.0828930769006675,3.449875064515844,2.194762767583282,4.583898126349049,0.49611033399267945,4.9955345356841026,0,1
-0.20050509805800573,0.3015283683769572,0.23253226572858354,-0.5301635106051584,0.010559111366030494,0.22976190868682642,0.28015065492353564,0.7279613864796255,0.09343345537897838,2.321180714760344,0.5143544932990148,-0.020409436139620252,0.10942857786589444,0.21493617812702515,0.7014184228889795,-0.1922986993333368,-0.7991964784832517,0.31506936665628854,0.14588227625779027,0.15808625359957612,-0.15145215712647564,-0.2745225105364868,-0.14639329643303295,-0.14889029817595947,-0.4125149317964764,-0.27452302074983304,-0.15041684523330268,0.25194102336649726,0.3310419007490227,0.22762858553252988,0.05165590113585416,0.44400287295842894,-0.05636455184100045,-0.21320722985229426,0.38502214767778153,0.5144739004190211,-0.17966776321010425,0.5919555205844395,-0.22816509938888135,0,1
1.157595935586122,2.4288757526315634,4.56159040429264,0.3593725810142349,1.8018369323890593,2.4307521554531544,2.3776327718640697,0.05753479142973632,2.5783657792879784,0.43032007419926765,4.0262286597313635,0.3824083824055107,2.675592882928744,1.7151252386582925,0.7650449126285457,1.673704956551504,-0.7991964784832517,1.8779134472926406,-0.26543993123597887,1.8612759979605833,-0.004976083530997047,-0.0030885748284231987,0.6821120721594282,0.6327597164781459,-0.4125149317964764,-0.003088180869168863,0.6819637390309561,0.20752264830188208,2.3015294052074915,2.4204791510479726,2.749646042621194,-0.036104039842640274,0.5588010889884719,0.6797002864728511,1.869560279271218,1.278241567311867,1.6444294188893764,0.6252079322591318,1.621100829815788,1,0
-0.5708962890518587,-0.6234052769511325,-0.6951230496780001,-0.08539546479546173,-0.3194131188224221,-0.6291611144414967,-0.6317980915723488,-0.4909960590656278,-0.6520462417937216,-0.5151102460812704,-0.5662221732955541,0.3376508470116073,-0.6695855861710419,-0.46696794029627814,-0.7301775962512633,-0.6537834744446416,-0.7991964784832517,-0.5184474763497658,0.7285887368739633,-0.8298016047834009,-0.8374689499882129,-0.4190335033445371,-0.6687118983717585,-0.7180918473086926,0.7257713038450149,-0.41903342340655225,-0.6633524150403424,0.25194102336649726,-0.6072854823264385,-0.628117976619838,-0.6758920021860351,-0.7082537177641374,-0.7292019714982358,-0.7039655594355803,-0.8600743497876814,-1.16581496674524,-0.5746951784418389,1.867935317591749,-0.6285216407630881,1,0
-0.5708962890518587,-0.6234052769511325,-0.6951230496780001,-0.5301635106051584,-0.602246458983953,-0.6291611144414967,-0.6317980915723488,0.17943053598426142,-0.6520462417937216,-0.5151102460812704,-0.5662221732955541,0.3376508470116073,-0.6695855861710419,-0.46696794029627814,-0.7301775962512633,-0.6939125853238854,-0.7991964784832517,-0.5184474763497658,0.7285887368739633,-0.8831089863494169,-0.8797295538546955,-0.42063693424633136,-0.6687118983717585,-0.7421426169903574,0.953428550973313,-0.42063704963719045,-0.6770710599903327,0.25194102336649726,-0.6072854823264385,-0.628117976619838,-0.6758920021860351,0.05991734271757367,-0.7676498240500779,-0.7175977352573382,-0.907962676613276,-1.0130614333666708,-0.6908797123335255,-0.5770949526062125,-0.7047800295962704,1,0
-0.632628154217501,-0.5309119124183235,-0.3859046112091388,-0.5301635106051584,-0.6493853490108747,-0.5217957365504563,-0.5406032169227604,-0.06436095312478912,-0.5277996255982716,-0.5151102460812704,-0.5662221732955541,-0.42322725468475103,-0.5550246796950219,-0.46696794029627814,-0.7301775962512633,-0.5935898081257757,2.0825215929707808,-0.414257870974009,0.7285887368739633,-0.7549444306694211,0.34911033527263885,-0.29130418859017115,-0.38053611799177195,-0.3493133788564993,-0.5263435553606255,-0.2913036563430981,-0.3858021241059704,-0.5031713527319599,-0.5134527440188924,-0.521149656350792,-0.5546340182990536,0.34798149039821524,-0.27743970401409207,-0.3972416034460265,-0.5727443888341129,-0.09654023309525568,-0.6560243521660195,-1.3921050426721997,-0.6094570435547926,0,1
-0.6943600193831431,-0.6234052769511325,-0.6951230496780001,-0.5301635106051584,-0.602246458983953,-0.6291611144414967,-0.6317980915723488,-0.4909960590656278,-0.6520462417937216,-0.5151102460812704,-0.5662221732955541,0.3376508470116073,-0.6695855861710419,-0.46696794029627814,-0.7301775962512633,-0.6136543635653977,0.16137621200142585,-0.5184474763497658,0.7285887368739633,-0.6997467164237591,-0.8046451799948284,-0.41647984051519804,-0.6326899258242601,-0.690032616013417,0.49811405671671644,-0.416480281644615,-0.6401556519944305,0.25194102336649726,-0.6072854823264385,-0.628117976619838,-0.6758920021860351,-0.2281468049630679,-0.7099780452223149,-0.6698851198811854,-0.7642976961364919,-0.8603078999881016,-0.6676428055551882,-0.8489823186522257,-0.6285216407630881,1,0
0.787204744592269,1.5964354718362825,0.23253226572858354,1.9160607413481732,0.3405313415544831,1.464463754433791,1.5568789000177738,0.11848266370699903,1.2116530011380282,2.271421224219264,-0.2960780066469119,-1.5421656395323369,1.277949823921299,1.16960194391965,0.796858157498329,0.8109290726477605,-0.7991964784832517,0.10669015590477496,-1.6365139562152091,2.1818764204285372,0.48204660374584635,0.5225493664363368,1.49260645447814,1.402384346291419,-0.5263435553606255,0.5225495503611783,1.48712326422632,0.25194102336649726,1.6447002370546684,1.4577642686265586,1.1732922520904334,0.2519601078380013,1.6737888129918905,1.197722967699653,2.4921085280039494,1.1254880339332978,0.7962823214800637,0.43808161557998115,0.9347753303171479,1,0
2.0835739130707545,2.0589022945003275,0.23253226572858354,-0.08539546479546173,2.556059172819808,2.108656021780033,2.012853273265716,-0.4300481867883651,2.081379314506178,0.9776744701511577,-0.025933839998269675,-1.4526505687445301,2.1027883505486438,2.1242677097122744,1.2740568305450766,2.375964396938272,-0.7991964784832517,2.190482263419911,0.3858202306291558,0.991722965323443,1.5081997131640308,1.2474874321779554,1.6727163172156319,1.7150443521530612,-0.6401721789247746,1.2474870748869882,1.6669372195099723,0.9182166493357243,2.1138639285923992,2.0995741902408347,2.1130416272145407,-0.5162109526437096,1.6449529235780092,1.7498260884808499,1.3427886841896761,1.5837486340690055,2.388010435796171,0.5919555205844395,2.250232537689542,0,1
-0.6943600193831431,-0.5309119124183235,-0.6951230496780001,-0.5301635106051584,-0.6493853490108747,-0.5217957365504563,-0.5406032169227604,1.4593358538067775,-0.5277996255982716,-0.5151102460812704,-0.5662221732955541,-0.42322725468475103,-0.5550246796950219,-0.46696794029627814,-0.7301775962512633,-0.7139771407635074,1.1219489024861036,-0.414257870974009,0.7285887368739633,-0.8755476556308331,-0.7554095250047514,-0.41678853075826305,-0.6507009120980093,-0.6980495392406386,0.3842854331525674,-0.416788581131938,-0.6539103354162684,-0.5031713527319599,-0.5134527440188924,-0.521149656350792,-0.5546340182990536,2.076366376482065,-0.6811421558084333,-0.7039655594355803,-0.8600743497876814,-1.3185685001238092,-0.7373535258902002,-1.3921050426721997,-0.723844626804566,1,0
0.10815422777020513,-0.1609384542870876,0.5417507041974448,-0.08539546479546173,-0.036579778660891314,-0.09233422498629477,-0.17582371832440657,-0.5519439313428903,-0.03081316081647163,-0.5151102460812704,-0.2960780066469119,-0.6022573962603649,-0.1426054163813497,-0.05782546924229617,0.8604846472378954,-0.05184681125598317,-0.7991964784832517,-0.7268266871012794,-2.699096325574113,0.2813359443124924,-0.13380938075503146,-0.2563540708718684,-0.09236033761178554,-0.07272952751735431,-0.4125149317964764,-0.2563544513429162,-0.09216666190361496,0.562869648818803,-0.13812179078870793,-0.0932763752746081,-0.13023107469461817,-0.6122323352039234,-0.1524841832206055,-0.015540680436804063,0.24135716720099737,0.6672274337975903,-0.02862786915091158,0.4191733814904503,-0.05658372451422129,1,0
0.6637410142609846,0.9952286023730245,2.087842896541751,-0.08539546479546173,2.2260869426313556,1.0350022428696295,1.009709652120243,-0.612891803620153,1.2116530011380282,-0.21655330283478438,1.865075326542226,0.3376508470116073,2.1027883505486438,1.16960194391965,1.2740568305450766,1.6536404011118822,0.16137621200142585,0.4192589720320454,-0.8138695412276707,0.9040115289878705,2.5044011324632525,2.6229445980124955,2.447188726986845,2.4646266738982803,-0.7540008024889238,2.6229447233540992,2.4422929284873622,0.9182166493357243,0.8940383305942994,1.0298909875503748,2.44650108290374,-0.7082537177641374,2.8945081315128744,2.1383430994009514,1.678006971968839,1.7365021674475747,1.621192512111039,0.8045101520736488,1.5639070381909015,0,1
-0.6943600193831431,-0.4384185478855145,-0.6951230496780001,-0.5301635106051584,-0.6493853490108747,-0.46811304760493616,-0.4494083422731719,4.506729467669911,-0.5277996255982716,1.9728642809727779,-0.5662221732955541,-0.7812875378359786,-0.5550246796950219,-0.19420629292695682,1.4013098100242094,-0.7541062516427512,2.0825215929707808,-0.31006826559825224,0.7285887368739633,-1.047189862942686,-0.7689493301270227,-0.41967361228949207,-0.6867228846455076,-0.7341256937631359,0.3842854331525674,-0.41967346720913157,-0.6809211700660525,1.3624003999818755,-0.41962000571134633,-0.467665496216269,-0.584948514270799,4.860986470728267,-0.7484258977741569,-0.7175977352573382,-1.0037393302644655,-1.4713220335023784,-0.7605904326685375,-1.3921050426721997,-0.7619738212211571,1,0
2.207037643402039,1.1339686491722378,4.870808842761502,1.4712926955384764,2.556059172819808,0.7129061091965082,1.3744891507185968,-0.2472045699565771,0.5904199201607784,1.7240668282673741,2.945651993136795,0.6957111301628346,1.346686367806911,0.48769782549634644,0.22421974984223184,1.1720910705609555,-0.7991964784832517,1.4611550257896133,0.31726652938019423,1.5002224561482052,-0.011540837529673964,-0.05489298444450675,0.5200131956956856,0.46440432870649245,-0.4125149317964764,-0.054893044912002385,0.5162107941798464,-0.5031713527319599,0.8002055922867533,0.7089860267432369,1.3248647319491604,-0.6122323352039234,0.31850201053945926,0.5638267919879085,1.678006971968839,1.7365021674475747,1.9813645671752678,1.4441300707574356,1.239808885649877,1,0
-0.632628154217501,-0.5309119124183235,-0.3859046112091388,-0.5301635106051584,-0.6493853490108747,-0.5217957365504563,-0.5406032169227604,0.24037840826152412,-0.5277996255982716,-0.5151102460812704,-0.2960780066469119,1.098528948707966,-0.5321124983998179,-0.46696794029627814,-0.7301775962512633,-0.6337189190050196,-0.7991964784832517,-0.414257870974009,0.7285887368739633,-0.7023931821752634,-0.5806229497899787,-0.40347037025667354,-0.5786569670030126,-0.6218887685820335,-0.071029061104029,-0.4034707466244225,-0.5851128926591801,-0.5031713527319599,-0.5134527440188924,-0.521149656350792,-0.5243195223273082,0.6360456380788568,-0.6138584138427098,-0.6221725045050326,-0.6206327156597077,-0.40204729985239407,-0.6792612589443568,-1.3921050426721997,-0.6475862379713837,1,0
-0.632628154217501,-0.6234052769511325,-0.6951230496780001,-0.5301635106051584,-0.5551075689570312,-0.6291611144414967,-0.6317980915723488,0.17943053598426142,-0.6520462417937216,-0.5151102460812704,-0.5662221732955541,0.3376508470116073,-0.6695855861710419,-0.46696794029627814,-0.7301775962512633,-0.6939125853238854,1.1219489024861036,-0.5184474763497658,0.7285887368739633,-0.9462460978495918,-0.7997216144958207,-0.4191431730427062,-0.6687118983717585,-0.7341256937631359,0.49811405671671644,-0.4191436140978388,-0.671184776255223,0.25194102336649726,-0.6072854823264385,-0.628117976619838,-0.6758920021860351,0.05991734271757367,-0.7292019714982358,-0.7312299110790961,-0.8600743497876814,-1.0130614333666708,-0.6908797123335255,0.05665689342909907,-0.7047800295962704,1,0
-0.38570069355493225,-0.6234052769511325,0.23253226572858354,1.0265246497287799,-0.5079686789301093,-0.6291611144414967,-0.6317980915723488,-1.1004747818382543,-0.6520462417937216,-0.5151102460812704,-0.2960780066469119,2.575527616706779,-0.5779368609902259,-0.46696794029627814,-0.7301775962512633,-0.47320247548804406,-0.7991964784832517,-0.6226370817255226,-0.9852537943500748,1.276029000342195,-0.6118055312836941,-0.34954446415154194,-0.1824152689805313,-0.18496645269845663,0.04279956246012006,-0.34954412565362464,-0.18943449742031562,0.25194102336649726,-0.6072854823264385,-0.628117976619838,-0.5546340182990536,-0.996317865444779,-0.09481240439284247,-0.24728766940668911,0.5765754549801605,-0.5548008332309633,-0.4236552843826462,0.9362157826283125,-0.3616172798469503,1,0
-0.632628154217501,0.11654163931133928,-0.3859046112091388,-0.5301635106051584,-0.6493853490108747,0.22976190868682642,0.09776090562435873,-0.18625669767931438,0.3419266877698784,-0.5151102460812704,-0.025933839998269675,-0.5574998608664614,0.10942857786589444,-0.05782546924229617,0.31965948445158143,0.028411410502504612,1.1219489024861036,0.21087976128053176,0.3858202306291558,0.24088282496806895,-0.04354401327322396,-0.22990582949357793,-0.05633836506428721,-0.012602603313192367,-0.4125149317964764,-0.22990634095135168,-0.05263846469876091,-0.19224272727965397,0.14337642413393045,0.22762858553252988,0.11228489307934493,0.5400242555186429,-0.03714062556507944,0.004907583295832852,0.19346884037540266,0.3617203670404519,-0.2958522971017909,-1.3921050426721997,-0.01845453009763017,1,0
-0.3239688283892901,-0.5309119124183235,-0.3859046112091388,0.3593725810142349,-0.41369089887626576,-0.5217957365504563,-0.5406032169227604,-0.36910031451110237,-0.5277996255982716,-0.5151102460812704,-0.2960780066469119,1.098528948707966,-0.5550246796950219,-0.46696794029627814,-0.7301775962512633,-0.6136543635653977,1.1219489024861036,-0.414257870974009,0.7285887368739633,-0.39993995343191036,-0.6680162373973652,-0.4024950653874452,-0.5606459807292634,-0.5697787676050932,0.15662818602426912,-0.40249544178239693,-0.5516391587247246,-0.5031713527319599,-0.5134527440188924,-0.521149656350792,-0.5546340182990536,-0.6122323352039234,-0.5946344875667888,-0.5471955374853639,-0.5727443888341129,-0.7075543666095324,-0.49336600471765824,1.541931281565354,-0.5522632519299059,1,0
0.47854541876405815,0.11654163931133928,0.5417507041974448,-0.30777948770031005,-0.08371866868781312,0.22976190868682642,0.09776090562435873,-0.36910031451110237,0.3419266877698784,-0.5151102460812704,1.0546428265962993,1.2328015548896758,0.22398948434191449,0.3513170018116858,1.4013098100242094,0.12873418770061434,-0.7991964784832517,0.21087976128053176,0.3858202306291558,-0.19994275592536817,-0.06734124651842768,-0.2899586508028363,-0.25445921407552785,-0.2210426072209538,-0.4125149317964764,-0.28995909546112286,-0.24999114294825037,1.1403085246587996,0.14337642413393045,0.22762858553252988,0.2638573729380719,-0.4201895700834958,-0.27743970401409207,-0.17912679029789938,-0.18963777422935515,0.3617203670404519,0.12241202490828108,-0.002675841127704806,0.0959330531521432,0,1
0.9106684749235533,0.671501826508193,1.4694060196040284,1.4712926955384764,0.3405313415544831,0.8739541760330688,0.6449301535218894,-0.4909960590656278,1.0874063849425784,-0.5151102460812704,-0.2960780066469119,-1.3183779625628198,1.094652373559667,-0.46696794029627814,-0.7301775962512633,0.7306708508892727,-0.7991964784832517,0.0025005505290181655,-1.1909148980969593,1.8801793247570429,0.3294160732766082,0.28616961743569364,1.1143757427294079,1.0937328020433876,-0.5263435553606255,0.28616941720639594,1.1075060146075404,-1.7024674794765686,0.7063728539792072,0.8694385071468058,1.2339212440339242,-0.4201895700834958,1.4815495502326805,0.8092059567795515,1.9174486060968128,0.5144739004190211,0.749808507923389,0.4191733814904503,0.8203877470673746,0,1
-0.38570069355493225,-0.5309119124183235,-0.3859046112091388,-0.5301635106051584,-0.41369089887626576,-0.5217957365504563,-0.5406032169227604,-0.5519439313428903,-0.5277996255982716,-0.5151102460812704,-0.5662221732955541,-0.42322725468475103,-0.5321124983998179,-0.46696794029627814,-0.7301775962512633,-0.47320247548804406,-0.7991964784832517,-0.414257870974009,0.7285887368739633,-0.28009286154235674,-0.3840906269545888,-0.3621062684330983,-0.41655809053927023,-0.4014233798334397,-0.2986863082323273,-0.3621058644602909,-0.413347529421494,-0.5031713527319599,-0.5134527440188924,-0.521149656350792,-0.5243195223273082,-0.6122323352039234,-0.43123111422146015,-0.3767933397133896,-0.3811910815317341,-0.24929376647382487,-0.48174755132848956,0.025360505970565134,-0.49506946030501925,1,0
-0.632628154217501,0.20903500384414825,0.5417507041974448,-0.5301635106051584,-0.6493853490108747,0.22976190868682642,0.18895578027394716,0.7889092587568882,0.21768007157442837,0.7288770174457537,1.0546428265962993,0.9642563425262554,0.10942857786589444,0.6240786491810071,1.8148819933313907,-0.27255692109182456,0.16137621200142585,0.4192589720320454,0.7285887368739633,-0.49521272048606657,0.2785392297868621,-0.250198110130103,-0.25445921407552785,-0.2090172223801214,-0.5263435553606255,-0.2501978395276296,-0.25924101738913713,1.6733290254341813,0.23720916244147658,0.22762858553252988,0.08197039710759954,1.7883022288014228,-0.21015596204836853,-0.20639114194141528,-0.3811910815317341,0.2089668336618827,-0.4701290979393209,-1.3921050426721997,-0.3044234882220636,1,0
-0.07704136772672139,-0.1609384542870876,0.850969142666306,0.8041406268239315,-0.17799644874165674,-0.14601691393181496,-0.17582371832440657,-0.8566832927292037,-0.15505977701192164,0.4800795647403498,-0.5662221732955541,-1.2736204271689162,0.2927260282275265,0.07855535444236449,1.4013098100242094,0.18892785401948017,-0.7991964784832517,-0.20587866022249543,-0.26543993123597887,2.1459600995152637,-0.06077649251975077,-0.009631310117353905,0.7361450309806756,0.6728443326142539,-0.4125149317964764,-0.00963163234535503,0.7316187468249887,1.1847268997234148,-0.13812179078870793,-0.1467605354091311,0.4457443487685442,-0.7082537177641374,0.635696794092156,0.693332462294609,2.061113586573597,1.1254880339332978,0.08755666474077509,0.16489023338986217,0.2484498308185077,0,1
-0.6943600193831431,-0.5309119124183235,-0.6951230496780001,-0.5301635106051584,-0.6493853490108747,-0.5217957365504563,-0.5406032169227604,2.983032660738344,-0.5277996255982716,-0.5151102460812704,-0.5662221732955541,-0.42322725468475103,-0.6008490422854299,-0.46696794029627814,-0.7301775962512633,-0.7541062516427512,0.16137621200142585,-0.414257870974009,0.7285887368739633,-1.0324452680414475,-0.8030039914951592,-0.42022762661391283,-0.6867228846455076,-0.7421426169903574,0.49811405671671644,-0.4202279373897543,-0.682903286017671,-0.5031713527319599,-0.5134527440188924,-0.521149656350792,-0.6152630102425444,3.2286229672046307,-0.7676498240500779,-0.7175977352573382,-1.0037393302644655,-1.3185685001238092,-0.7605904326685375,-1.3921050426721997,-0.7619738212211571,1,0
-0.13877323289236357,0.02404827477853031,-0.3859046112091388,-0.5301635106051584,-0.17799644874165674,0.12239653079578601,0.006566030974770293,-0.3081524422338398,0.21768007157442837,-0.5151102460812704,-0.2960780066469119,-0.9155601440176888,0.06360421527548642,0.21493617812702515,1.2740568305450766,0.008346855062882666,-0.7991964784832517,0.21087976128053176,0.7285887368739633,-0.9141104422956107,3.08374067284649,0.35311000838768636,-0.020316392516788868,0.11566816832235313,-0.7540008024889238,0.3531102621629729,-0.02649855978529414,1.0070533994649546,0.04954368582638432,0.12066026526348389,0.08197039710759954,-0.2281468049630679,0.10703882150432815,0.12078107778077538,-0.6685210424853024,0.8199809671761595,-0.09833858948592357,-0.13829352011468496,-0.037519127305925735,0,1
-0.38570069355493225,-0.5309119124183235,-0.3859046112091388,-0.5301635106051584,-0.36655200884934397,-0.5217957365504563,-0.5406032169227604,-0.06436095312478912,-0.5277996255982716,-0.5151102460812704,-0.2960780066469119,1.098528948707966,-0.5550246796950219,-0.19420629292695682,2.451146890727054,-0.5935898081257757,0.16137621200142585,-0.414257870974009,0.7285887368739633,-0.2638360004974015,-0.7792067582499553,-0.40956511394601675,-0.5786569670030126,-0.6098633837412011,0.3842854331525674,-0.40956522964568587,-0.5731781520656464,2.472859776597254,-0.5134527440188924,-0.521149656350792,-0.5546340182990536,-0.7082537177641374,-0.6907541189463938,-0.5471955374853639,-0.5727443888341129,-0.24929376647382487,-0.4585106445501522,0.7810378614797484,-0.6094570435547926,0,1
-0.3239688283892901,-0.1609384542870876,0.5417507041974448,0.3593725810142349,-0.46082978890318754,-0.09233422498629477,-0.17582371832440657,-0.6738396758974158,-0.03081316081647163,-0.5151102460812704,-0.025933839998269675,0.02434809925428322,0.0406920339802824,-0.46696794029627814,-0.7301775962512633,0.028411410502504612,0.16137621200142585,-0.6226370817255226,-2.2192204168313823,0.3217890636569159,0.8312094570504746,0.2358645046077628,0.5380241819694348,0.6688358710006431,-0.6401721789247746,0.2358650221512941,0.5446271292316872,-1.3471204789596474,-0.13812179078870793,-0.0932763752746081,0.11228489307934493,-0.4201895700834958,0.8567719462652477,0.5297463524335136,0.4329104745033763,0.3617203670404519,-0.14481240304259824,-0.3691043776213726,0.05780385873555208,1,0
3.1330156208866717,-0.34592518335270556,1.1601875811351672,3.6951329245869595,1.7075591523352156,-0.3070649807683756,-0.35821346762358347,-1.1004747818382543,-0.2793063932073716,-0.5151102460812704,-0.2960780066469119,-0.10992450692742695,-0.25716632285736973,-0.46696794029627814,-0.7301775962512633,0.008346855062882666,-0.7991964784832517,-0.5184474763497658,-1.3280223005948824,0.4223547622140807,0.1570912808113392,-0.1211447486812738,0.15979347022070262,0.2519558631851202,-0.5263435553606255,-0.1211446119273402,0.16122584006890872,-1.0806102285719565,-0.3257872674038002,-0.30721301581270005,-0.22117456260985432,-1.2843820131254204,0.1647106003320912,0.31163153928538656,0.19346884037540266,0.2089668336618827,1.202928190100967,2.6607771332079415,0.32470821965168994,0,1
0.04642236260456295,-0.4384185478855145,-0.6951230496780001,-0.5301635106051584,0.10483689141987411,-0.41443035865941596,-0.4494083422731719,-0.9785790372837291,-0.4035530094028216,-0.5151102460812704,-0.5662221732955541,-0.7812875378359786,-0.4404637732190018,-0.46696794029627814,-0.7301775962512633,-0.05184681125598317,1.1219489024861036,-0.31006826559825224,0.7285887368739633,-0.6532445325044686,0.24571545979347734,-0.2891197818110808,-0.3625251317180228,-0.2931949162659481,-0.5263435553606255,-0.2891197706211105,-0.35462283954581275,-0.858518353248881,-0.41962000571134633,-0.41418133608174607,-0.433376034412072,-0.996317865444779,-0.3254995197038946,-0.26773593313932603,-0.6206327156597077,-0.24929376647382487,-0.02862786915091158,0.5045864389293657,-0.09471291893081242,1,0
-0.015309502561079217,-0.06844508975427865,0.23253226572858354,1.248908672633628,0.3405313415544831,0.015031152904745621,-0.08462884367481814,-0.7347875481746783,0.09343345537897838,-0.5151102460812704,0.5143544932990148,0.9194988071323519,0.13234075916109844,-0.46696794029627814,-0.7301775962512633,0.14879874314023628,0.16137621200142585,-0.5184474763497658,-1.8421750599620939,-0.24228620794943762,1.537741106158077,0.38056904750070536,0.4119472780531908,0.5766412538875948,-0.6401721789247746,0.3805688446384631,0.4146663933372293,-1.3915388540242626,-0.044289052481161814,0.013691944994437898,0.2032283809945811,-0.7082537177641374,0.6068609046782745,0.5501946161661506,-0.045972793752570976,0.6672274337975903,0.22697810541079907,1.0320609692200726,0.2484498308185077,0,1
-0.632628154217501,-0.4384185478855145,-0.3859046112091388,-0.5301635106051584,-0.6493853490108747,-0.41443035865941596,-0.4494083422731719,1.0936486201432014,-0.4035530094028216,-0.5151102460812704,-0.2960780066469119,0.3376508470116073,-0.4404637732190018,-0.46696794029627814,-0.7301775962512633,-0.6537834744446416,0.16137621200142585,-0.5184474763497658,-0.9852537943500748,-0.9643932915741932,-0.2999797163465408,-0.39673662473928084,-0.5966679532767618,-0.6339141534228658,-0.2986863082323273,-0.3967362198005799,-0.6008016407368398,-0.858518353248881,-0.41962000571134633,-0.41418133608174607,-0.433376034412072,1.5962594636809955,-0.6234703769806703,-0.6358046803267905,-0.8121860229620866,-0.40204729985239407,-0.6908797123335255,-1.3921050426721997,-0.6666508351796793,1,0
0.10815422777020513,1.920162247701114,1.7786244580728896,2.8055968329675665,-0.08371866868781312,1.4107810654882709,2.1040481479153046,-0.12530882540205185,1.0874063849425784,2.818775620171154,4.83666115967729,1.0537714133140623,1.5987203620541555,2.1242677097122744,1.2104303408055102,1.5733821793533944,-0.7991964784832517,2.086292658044154,0.18015912688227106,0.5319940576335463,0.9867120673941339,0.4411027482940972,0.8081889760756721,0.8131404890906317,-0.6401721789247746,0.44110221812086703,0.8174984252378446,0.8293798992064939,1.6447002370546684,1.4042801084920358,1.4158082198643964,0.34798149039821524,0.8471599831272871,0.7819416051360356,1.199123703712892,2.042009234204713,1.0518882960417744,-0.19436621431122483,1.7354884130655615,0,1
2.3922332388989656,3.353809397959653,1.7786244580728896,2.1384447642530215,2.8860314030082606,3.4507232454180383,3.2895815183599546,-0.3081524422338398,3.4480920926561285,0.9279149796100779,3.215796159785437,-0.42322725468475103,3.3400461404896604,3.488075946558881,1.3694965651544262,3.2788693917212597,-0.7991964784832517,3.753326344056263,0.5914813343760402,2.668069985633477,1.6477007356359155,2.759927000489523,3.599891848506791,3.334462844051823,-0.7540008024889238,2.759926991761433,3.60144034340588,1.0070533994649546,3.427522264898045,3.4366781936039095,3.325621466084356,-0.32416818752328186,3.211702915065571,3.392503275002682,3.3062100840390594,2.194762767583282,3.1664468128704715,0.5502270039730609,3.2987853841457975,0,1
-0.632628154217501,-0.5309119124183235,-0.3859046112091388,-0.5301635106051584,-0.6493853490108747,-0.5217957365504563,-0.5406032169227604,1.4593358538067775,-0.5277996255982716,-0.5151102460812704,-0.5662221732955541,-0.42322725468475103,-0.5779368609902259,-0.46696794029627814,-0.7301775962512633,-0.7139771407635074,0.16137621200142585,-0.6226370817255226,-1.5679602549662477,-0.9511609628166714,-0.649142569651169,-0.4142447017320259,-0.6507009120980093,-0.7020580008542494,0.04279956246012006,-0.41424481730117413,-0.6491592635443584,-0.5031713527319599,-0.5134527440188924,-0.521149656350792,-0.584948514270799,1.5962594636809955,-0.7099780452223149,-0.6903333836138222,-0.8600743497876814,-0.7075543666095324,-0.7257350725010315,-1.3921050426721997,-0.723844626804566,1,0
-0.632628154217501,-0.6234052769511325,-0.6951230496780001,-0.5301635106051584,-0.602246458983953,-0.6291611144414967,-0.6317980915723488,2.495449682520243,-0.6520462417937216,-0.5151102460812704,-0.5662221732955541,0.3376508470116073,-0.6695855861710419,-0.46696794029627814,-0.7301775962512633,-0.7741708070823732,1.1219489024861036,-0.5184474763497658,0.7285887368739633,-1.0263962034665803,-0.8920384676022147,-0.4218141251395052,-0.6867228846455076,-0.7621849250584114,1.0672571745374622,-0.42181397999944253,-0.6928799363074846,0.25194102336649726,-0.6072854823264385,-0.628117976619838,-0.6758920021860351,1.2121739334401398,-0.7580378609121173,-0.758494262722612,-0.9558510034388707,-1.4713220335023784,-0.7489719792793689,0.2379151374597747,-0.7810384184294527,1,0
-0.6943600193831431,-0.6234052769511325,-0.6951230496780001,-0.5301635106051584,-0.6493853490108747,-0.6291611144414967,-0.6317980915723488,2.495449682520243,-0.6520462417937216,-0.5151102460812704,-0.5662221732955541,0.3376508470116073,-0.692497767466246,-0.46696794029627814,-0.7301775962512633,-0.7741708070823732,1.1219489024861036,-0.5184474763497658,0.7285887368739633,-1.106546309083569,-0.9330681800939454,-0.4227556303808537,-0.7047338709192567,-0.7782187715128546,1.4087430452299095,-0.42275528984096483,-0.7042620869993548,0.25194102336649726,-0.6072854823264385,-0.628117976619838,-0.7062064981577805,2.2684091416024925,-0.7964857134639594,-0.758494262722612,-1.0516276570900602,-1.6240755668809477,-0.7722088860577062,-1.3921050426721997,-0.7810384184294527,1,0
3.4416749467148824,1.9664089299675185,0.23253226572858354,0.1369885581093866,3.357420303277479,2.0549733328345132,1.9216583986161275,-0.12530882540205185,2.081379314506178,0.7786365079868337,1.3247869932449414,-0.6917724670481716,1.7591056311205835,2.533410180766256,1.6876290138522578,1.5934467347930164,-0.7991964784832517,2.294671868795668,0.6257581850005209,0.07377741608736631,3.2605787336858487,2.375339790706911,1.6907273034893808,1.8874082015383253,-0.7540008024889238,2.375340378826246,1.6852687888564566,1.4512371501111059,2.020031190284853,2.0460900301063116,1.688638683610105,-0.5162109526437096,1.760296481233535,1.9611248137180979,0.480798801328971,1.7365021674475747,2.3996288891853395,1.353500948742098,1.5257778437743104,0,1
-0.3239688283892901,-0.4384185478855145,-0.6951230496780001,-0.5301635106051584,-0.36655200884934397,-0.41443035865941596,-0.4494083422731719,0.05753479142973632,-0.4035530094028216,-0.5151102460812704,-0.5662221732955541,-0.7812875378359786,-0.4862881358094099,-0.05782546924229617,2.451146890727054,-0.5333961418069099,1.1219489024861036,-0.31006826559825224,0.7285887368739633,-0.42905107669845804,-0.658579403524267,-0.4023061391437465,-0.5606459807292634,-0.5898210756731471,0.15662818602426912,-0.4023055386761371,-0.5535732233805464,2.472859776597254,-0.41962000571134633,-0.41418133608174607,-0.4940050263555628,-0.2281468049630679,-0.6523062663945518,-0.5403794495744849,-0.5248560620085182,0.05621330028331351,-0.49336600471765824,0.47068201918262065,-0.5522632519299059,0,1
-0.38570069355493225,-0.5309119124183235,-0.07668617274027764,-0.5301635106051584,-0.46082978890318754,-0.5217957365504563,-0.5406032169227604,1.0327007478659387,-0.5277996255982716,-0.5151102460812704,-0.2960780066469119,1.098528948707966,-0.5092003171046139,-0.46696794029627814,-0.7301775962512633,-0.6939125853238854,1.1219489024861036,-0.414257870974009,0.7285887368739633,-0.5625085638814626,-0.8030039914951592,-0.41482606835646507,-0.614678939550511,-0.6539564614909199,0.49811405671671644,-0.4148262490339202,-0.6219021660036158,-0.5031713527319599,-0.5134527440188924,-0.521149656350792,-0.4940050263555628,0.15593872527778735,-0.6330823401186308,-0.6630690319703064,-0.7164093693108972,-1.3185685001238092,-0.6327874453876822,0.9785963073117437,-0.7047800295962704,0,1
0.787204744592269,-0.2071851365534921,-0.6951230496780001,-0.08539546479546173,0.6705035717429357,-0.3070649807683756,-0.17582371832440657,-0.6738396758974158,-0.2793063932073716,-0.5151102460812704,-0.5662221732955541,-1.2736204271689162,-0.3717272293333898,-0.46696794029627814,-0.7301775962512633,0.08860507682137045,-0.7991964784832517,-0.20587866022249543,-0.26543993123597887,-0.27139733121598536,0.39219153338895596,-0.16759357795375007,-0.09236033761178554,-0.05268721944930033,-0.5263435553606255,-0.16759350502880954,-0.08946978292701877,-1.3471204789596474,-0.3257872674038002,-0.30721301581270005,-0.433376034412072,-0.996317865444779,-0.08520044125488196,-0.02917285625856201,-0.045972793752570976,0.9727345005547287,0.5174394401400157,1.1813708177201614,0.07686845594384764,1,0
-0.4474325587205744,-0.1609384542870876,0.23253226572858354,-0.5301635106051584,-0.5079686789301093,-0.09233422498629477,-0.17582371832440657,-0.36910031451110237,-0.03081316081647163,-0.5151102460812704,1.0546428265962993,2.575527616706779,-0.050956691200533644,0.21493617812702515,1.9103217279407398,-0.13210503301447096,1.1219489024861036,0.0025005505290181655,0.7285887368739633,-0.03775221201174497,-0.6118055312836941,-0.38681399178688314,-0.4525800630867686,-0.4575418424239908,0.04279956246012006,-0.38681436861920404,-0.4572784266037312,1.851002525692642,-0.13812179078870793,-0.0932763752746081,-0.008973090807636615,-0.036104039842640274,-0.43123111422146015,-0.47221857046569515,-0.2854144278805446,-0.7075543666095324,-0.31908920388012824,-0.8776706738225485,-0.17097130776399466,1,0
0.04642236260456295,-0.25343181881989657,0.23253226572858354,-0.5301635106051584,0.0576980013929523,-0.19969960287733515,-0.26701859297399505,-0.003413080847526401,-0.15505977701192164,-0.5151102460812704,-0.2960780066469119,-0.42322725468475103,-0.23425414156216573,-0.19420629292695682,0.5423521985400637,-0.3728796982899343,-0.7991964784832517,-0.414257870974009,-0.9852537943500748,-0.14701344089528143,-0.432505687694831,-0.3629551666015272,-0.39854710426552115,-0.4014233798334397,-0.1848576846681782,-0.3629545672314767,-0.396757819547644,0.25194102336649726,-0.23195452909625408,-0.20024469554365407,-0.22117456260985432,-0.4201895700834958,-0.4216191510834997,-0.38360942762426853,-0.18963777422935515,0.05621330028331351,-0.2261415767667789,1.1813708177201614,-0.39974647426354143,1,0
0.2933498232671316,-0.1609384542870876,0.23253226572858354,1.9160607413481732,0.19911467147371772,-0.09233422498629477,-0.17582371832440657,-0.9176311650064665,-0.03081316081647163,-0.5151102460812704,-0.2960780066469119,-0.6022573962603649,-0.005132328610125622,-0.46696794029627814,-0.7301775962512633,0.22905696489872407,-0.7991964784832517,-0.20587866022249543,-0.26543993123597887,2.624592334001621,-0.11739749575833924,-0.001171504219750978,0.8442109486231705,0.809132027477021,-0.4125149317964764,-0.0011715661856209621,0.8440347533416349,-1.3471204789596474,-0.13812179078870793,-0.0932763752746081,0.05165590113585416,-0.900296482884565,1.0778470984383393,0.6115394073640613,2.1090019133991915,0.2089668336618827,0.3315441859133171,0.9140475081785174,0.38190201127657664,1,0
-0.38570069355493225,-0.06844508975427865,-0.6951230496780001,-0.5301635106051584,-0.41369089887626576,-0.03865153604077458,-0.08462884367481814,-0.36910031451110237,-0.03081316081647163,0.33080109311710565,-0.5662221732955541,-1.3183779625628198,-0.23425414156216573,0.07855535444236449,1.0831773613263775,-0.01171770037673928,0.16137621200142585,0.10669015590477496,0.7285887368739633,-0.7545663641334918,1.5627692307780325,0.013550024646355227,-0.11037132388553461,-0.004585680085970774,-0.6401721789247746,0.013550613515099678,-0.11015586576754721,0.8293798992064939,-0.044289052481161814,-0.039792215140085095,-0.2818035545533451,-0.13212542240285421,-0.07558847811692146,0.04580411076110669,-0.5727443888341129,0.6672274337975903,-0.21452312337761023,-0.6833722683508172,-0.05658372451422129,1,0
-0.3239688283892901,-0.06844508975427865,-0.6951230496780001,-0.5301635106051584,-0.3194131188224221,0.015031152904745621,-0.08462884367481814,0.4232220250933123,0.09343345537897838,-0.5151102460812704,-0.5662221732955541,-1.3183779625628198,-0.09678105379094167,-0.19420629292695682,0.19240650497244866,-0.35281514285031235,0.16137621200142585,0.10669015590477496,0.7285887368739633,-0.5583498319862416,-0.05092936152173547,-0.3291806767878258,-0.39854710426552115,-0.3653472253109425,-0.4125149317964764,-0.32918112035215014,-0.3936344853208511,-0.28107947740888434,-0.044289052481161814,0.013691944994437898,-0.09991657872287277,0.44400287295842894,-0.3254995197038946,-0.39042551553514754,-0.4769677351829235,-0.24929376647382487,-0.3771814708259716,0.08012918402299946,-0.38068187705524587,1,0
1.0958640704204798,2.4288757526315634,-0.6951230496780001,-0.5301635106051584,1.094753581985232,2.269704088616594,2.3776327718640697,-0.3081524422338398,1.9571326983107282,2.221661733678182,-0.5662221732955541,-1.765953316501854,1.7820178124157875,2.9425526518202383,1.6240025241126914,2.436158063257138,-0.7991964784832517,1.8779134472926406,-0.26543993123597887,0.569044578154607,2.4362918097269795,2.0723183118206667,1.9248701250481197,2.1880428225591353,-0.7540008024889238,2.072318322271036,1.9196149584575186,1.3179820249172602,2.4891948818225837,2.2600266706444034,1.5673806997231234,-0.13212542240285421,2.115939117338074,2.220136154331499,0.6244637818057552,0.8199809671761595,1.8535615798944123,-0.18589010937453865,2.2692971348978372,1,0
-0.20050509805800573,-0.25343181881989657,-0.07668617274027764,-0.5301635106051584,-0.36655200884934397,-0.19969960287733515,-0.26701859297399505,0.3622741528160496,-0.15505977701192164,-0.5151102460812704,-0.2960780066469119,-0.42322725468475103,-0.09678105379094167,-0.46696794029627814,-0.7301775962512633,-0.45313792004842207,0.16137621200142585,-0.10168905484673862,0.7285887368739633,-0.029434748221302806,-0.5227710551766385,-0.3729640244235068,-0.41655809053927023,-0.40543184144705047,-0.071029061104029,-0.37296433651760247,-0.41047646449763436,-1.2138653537658022,-0.23195452909625408,-0.20024469554365407,-0.039287586779382,0.05991734271757367,-0.3543354091177761,-0.4381381309113003,-0.18963777422935515,-0.5548008332309633,-0.4236552843826462,0.1727143302544957,-0.4760048630967237,0,1
-0.13877323289236357,-0.6234052769511325,-0.07668617274027764,-0.5301635106051584,-0.36655200884934397,-0.6291611144414967,-0.6317980915723488,-1.161422654115517,-0.6520462417937216,-0.5151102460812704,-0.5662221732955541,0.3376508470116073,-0.6008490422854299,-0.46696794029627814,-0.7301775962512633,-0.2324278102125807,3.0430942834554586,-0.6226370817255226,-0.9852537943500748,0.8261298225864571,-0.7028914930153363,-0.38177374438777395,-0.3625251317180228,-0.3613387636973317,0.15662818602426912,-0.38177373061354286,-0.35772815453668183,0.25194102336649726,-0.6072854823264385,-0.628117976619838,-0.584948514270799,-1.1883606305652066,-0.3158875565659341,-0.39042551553514754,0.19346884037540266,-0.7075543666095324,-0.2842338437126222,-0.30520758656019903,-0.2662942938054725,0,1
-0.38570069355493225,-0.6234052769511325,-0.6951230496780001,-0.5301635106051584,-0.5079686789301093,-0.6291611144414967,-0.6317980915723488,0.17943053598426142,-0.6520462417937216,-0.5151102460812704,-0.5662221732955541,0.3376508470116073,-0.6695855861710419,-0.46696794029627814,-0.7301775962512633,-0.6939125853238854,-0.7991964784832517,-0.5184474763497658,0.7285887368739633,-0.3318879769646559,-0.9658919500873301,-0.42069769542708657,-0.6507009120980093,-0.710074924081471,1.8640575394865058,-0.42069800618981706,-0.6555380730613856,0.25194102336649726,-0.6072854823264385,-0.628117976619838,-0.6758920021860351,-0.4201895700834958,-0.7003660820843544,-0.7107816473464592,-0.6685210424853024,-1.4713220335023784,-0.6327874453876822,0.5639191734861696,-0.7047800295962704,1,0
-0.632628154217501,0.11654163931133928,-0.3859046112091388,-0.5301635106051584,-0.6493853490108747,0.22976190868682642,0.09776090562435873,0.6060656419251002,0.3419266877698784,-0.5151102460812704,0.24421032665037257,-0.10992450692742695,0.13234075916109844,-0.46696794029627814,-0.7301775962512633,-0.27255692109182456,1.1219489024861036,-0.31006826559825224,-1.3280223005948824,-0.7972878826934905,0.38357529376569277,-0.29512283017083846,-0.39854710426552115,-0.3733641485381641,-0.5263435553606255,-0.29512281881343394,-0.4029384174695092,-1.5247939792181078,0.14337642413393045,0.22762858553252988,0.14259938905109032,1.5002380811207816,-0.34472344597981563,-0.39042551553514754,-0.6206327156597077,0.05621330028331351,-0.4701290979393209,-1.3921050426721997,-0.3044234882220636,1,0
-0.3239688283892901,-0.34592518335270556,-0.07668617274027764,0.8041406268239315,-0.46082978890318754,-0.6291611144414967,-0.17582371832440657,-0.9176311650064665,-0.6520462417937216,-0.5151102460812704,0.24421032665037257,0.6509535947689311,-0.3029906854477778,-0.46696794029627814,-0.7301775962512633,0.30931518665721186,0.16137621200142585,0.0025005505290181655,0.7285887368739633,0.608741564427172,0.21576376967451408,-0.05815800244789643,0.3038813604106958,0.33212509545733615,-0.5263435553606255,-0.058157737201715486,0.2989889051183744,-1.3471204789596474,-0.6072854823264385,-0.628117976619838,-0.34243254649683585,-0.7082537177641374,0.4338455681949854,0.2571028359983548,0.7681287622825393,0.6672274337975903,0.04108285118410042,-0.4186569910973846,0.36283741406828107,1,0
-0.4474325587205744,-0.4384185478855145,-0.07668617274027764,0.1369885581093866,-0.5079686789301093,-0.41443035865941596,-0.4494083422731719,-0.2472045699565771,-0.4035530094028216,-0.5151102460812704,-0.025933839998269675,1.456589231859193,-0.4404637732190018,-0.46696794029627814,-0.7301775962512633,-0.5333961418069099,-0.7991964784832517,-0.6226370817255226,-1.8421750599620939,-0.43434400820146674,-0.7123283268884344,-0.40693525542376924,-0.5786569670030126,-0.6018464605139795,0.27045680958841833,-0.40693471995156877,-0.5733703572488337,-0.858518353248881,-0.41962000571134633,-0.41418133608174607,-0.433376034412072,-0.13212542240285421,-0.5754105612908678,-0.6153564165941536,-0.5248560620085182,-0.8603078999881016,-0.5166029114959956,0.47068201918262065,-0.49506946030501925,1,0
-0.5091644238862165,-0.34592518335270556,-0.6951230496780001,-0.5301635106051584,-0.46082978890318754,-0.36074766971389577,-0.35821346762358347,0.11848266370699903,-0.4035530094028216,1.1269529417744018,-0.5662221732955541,-1.0050752148054956,-0.4404637732190018,-0.46696794029627814,-0.7301775962512633,-0.47320247548804406,-0.7991964784832517,-0.20587866022249543,0.7285887368739633,-0.6600497301511941,-0.6048304801600999,-0.4039644048946253,-0.5786569670030126,-0.6178803069684227,0.04279956246012006,-0.40396426025241866,-0.5823619559748124,-1.0806102285719565,-0.3257872674038002,-0.36069717594722306,-0.4636905303838174,0.2519601078380013,-0.6234703769806703,-0.6085403286832746,-0.6206327156597077,-0.40204729985239407,-0.5166029114959956,-0.20675436768022792,-0.49506946030501925,1,0
-0.632628154217501,-0.5309119124183235,-0.3859046112091388,-0.5301635106051584,-0.6493853490108747,-0.5217957365504563,-0.5406032169227604,0.05753479142973632,-0.5277996255982716,-0.5151102460812704,-0.5662221732955541,-0.42322725468475103,-0.5550246796950219,-0.46696794029627814,-0.7301775962512633,-0.6136543635653977,1.1219489024861036,-0.414257870974009,0.7285887368739633,-0.7587250960287129,-0.4070672659499579,-0.39196762098202104,-0.5606459807292634,-0.5858126140595363,-0.1848576846681782,-0.39196754179894505,-0.5582402054848119,-0.5031713527319599,-0.5134527440188924,-0.521149656350792,-0.5546340182990536,0.44400287295842894,-0.5657985981529072,-0.5949081528615167,-0.6206327156597077,-0.24929376647382487,-0.6676428055551882,-1.3921050426721997,-0.6285216407630881,0,1
-0.26223696322364787,-0.06844508975427865,-0.6951230496780001,-0.5301635106051584,-0.27227422879550034,-0.03865153604077458,-0.08462884367481814,-0.003413080847526401,-0.03081316081647163,0.33080109311710565,-0.5662221732955541,-1.3183779625628198,-0.21134196026696173,-0.05782546924229617,0.6377919331494131,-0.21236325477295875,-0.7991964784832517,0.10669015590477496,0.7285887368739633,-0.43699047395297114,-0.05544262989582582,-0.31543256417975624,-0.34451414544427367,-0.3372879940156669,-0.4125149317964764,-0.3154319010106618,-0.3442017147698787,0.25194102336649726,-0.044289052481161814,-0.039792215140085095,-0.2514890585815997,0.05991734271757367,-0.3543354091177761,-0.3222646364263578,-0.2854144278805446,0.5144739004190211,-0.27261539032345355,-0.0548364868919278,-0.24722969659717692,1,0
-0.5091644238862165,-0.6234052769511325,-0.6951230496780001,-0.5301635106051584,-0.46082978890318754,-0.6291611144414967,-0.6317980915723488,0.4232220250933123,-0.6520462417937216,-0.5151102460812704,-0.5662221732955541,0.3376508470116073,-0.692497767466246,-0.46696794029627814,-0.7301775962512633,-0.7139771407635074,-0.7991964784832517,-0.5184474763497658,0.7285887368739633,-0.8218622075288878,-0.7513065537555785,-0.41582371093737514,-0.6507009120980093,-0.6980495392406386,0.3842854331525674,-0.4158238264624824,-0.6451649995812483,0.25194102336649726,-0.6072854823264385,-0.628117976619838,-0.7062064981577805,-0.32416818752328186,-0.7195900083602753,-0.6767012077920643,-0.8121860229620866,-0.7075543666095324,-0.6560243521660195,1.2159272455389594,-0.723844626804566,1,0
-0.6943600193831431,-0.6234052769511325,-0.3859046112091388,-0.5301635106051584,-0.6493853490108747,-0.6291611144414967,-0.6317980915723488,0.849857131034151,-0.6520462417937216,-0.5151102460812704,-0.2960780066469119,2.575527616706779,-0.6695855861710419,-0.46696794029627814,-0.7301775962512633,-0.7340416962031293,0.16137621200142585,-0.6226370817255226,-0.9852537943500748,-0.8770599217745498,-0.9412741225922916,-0.4219227528452927,-0.6867228846455076,-0.7541680018311898,1.5225716687940585,-0.42192299844933245,-0.6874861783542923,0.25194102336649726,-0.6072854823264385,-0.628117976619838,-0.6758920021860351,1.2121739334401398,-0.7580378609121173,-0.7448620869008541,-0.907962676613276,-1.4713220335023784,-0.7489719792793689,-1.3921050426721997,-0.7429092240128615,1,0
0.3550816884327738,1.3189553782378558,-0.07668617274027764,0.5817566039190832,1.4247258121736845,1.5718291323248315,1.2832942760690085,0.6670135142023628,1.8328860821152784,-0.2663127933758665,-0.2960780066469119,-1.4974081041384335,1.4154229116925232,0.07855535444236449,-0.15753918859516622,0.30931518665721186,1.1219489024861036,0.21087976128053176,-1.362299151219363,-0.3405835072910273,2.0670243973014033,0.6272265534823188,0.5200131956956856,0.6768527942278647,-0.7540008024889238,0.627226018117811,0.5180007049482777,-0.9917734784427265,1.36320202213203,1.5647325888956047,1.4461227158361418,0.15593872527778735,0.9528915776448527,0.4752176491464819,0.04980385989861848,0.8199809671761595,0.6220055206425337,1.6221282744278471,0.3437728168599855,0,1
-0.5708962890518587,-0.6234052769511325,0.23253226572858354,-0.5301635106051584,-0.5551075689570312,-0.6291611144414967,-0.6317980915723488,-0.06436095312478912,-0.6520462417937216,-0.5151102460812704,-0.2960780066469119,2.575527616706779,-0.6237612235806339,-0.46696794029627814,-0.7301775962512633,-0.6738480298842635,-0.7991964784832517,-0.7268266871012794,-2.699096325574113,-0.5012617850609337,-1.0561573175691377,-0.4231831077554273,-0.7047338709192567,-0.7661933866720222,4.823601752154383,-0.42318315795074773,-0.6961534308336425,0.25194102336649726,-0.6072854823264385,-0.628117976619838,-0.6152630102425444,-0.2281468049630679,-0.7868737503259989,-0.7448620869008541,-0.907962676613276,-1.776829100259517,-0.6676428055551882,-0.08808889856662018,-0.6857154323879748,1,0
-0.3239688283892901,-0.6234052769511325,-0.3859046112091388,-0.5301635106051584,-0.3194131188224221,-0.6291611144414967,-0.6317980915723488,-0.6738396758974158,-0.6520462417937216,-0.5151102460812704,-0.5662221732955541,0.3376508470116073,-0.6237612235806339,-0.46696794029627814,-0.7301775962512633,-0.5735252526861537,0.16137621200142585,-0.5184474763497658,0.7285887368739633,-0.7265894404747317,-0.27290010610199855,-0.3767379254562868,-0.5246240081817652,-0.5337026130825959,-0.2986863082323273,-0.3767377815734683,-0.5171803732264344,0.25194102336649726,-0.6072854823264385,-0.628117976619838,-0.6152630102425444,-0.900296482884565,-0.5561866350149468,-0.513115097930969,-0.6206327156597077,0.05621330028331351,-0.5049844581068269,0.8899232095125644,-0.590392446346497,0,1
