a1,a2,a3,a4,a5,a6,a7,a8,a9,a10,class_-1,class_1
0.19014381776884817,-0.0100407487549416,0.6351434226112347,-0.07158634822235593,0.5742568915388,0.91981392399298,-1.7600049950734802,1.4359318580428868,0.05831333237404994,0.08294990145289148,0,1
2.9241134476262527,-2.139378838606931,-2.7607269682501374,3.1282882006132575,-3.9766592851849225,-0.4162305061440524,1.4844288148194005,1.867200683322021,1.1142518726304083,-2.541783260238964,0,1
0.03635708882261541,-0.05243461251211154,0.2663986793762275,0.7148924801861184,-1.255461301797822,1.3230807668421374,-0.5792178897997892,1.140892109914207,-2.47774758443813,-2.588077940672859,1,0
1.6753742063436787,-0.6039819585393792,-0.02850973494086945,2.0779867854946876,-3.0142967350144327,-1.5209309960871809,-0.6848170024937664,-0.6593231145239752,-1.5123294177748403,-0.879370796411048,0,1
-0.093060704527554,0.6031108013543245,0.5710554551665841,-0.8320045727682008,0.06744732611838672,0.763225482638024,0.1600086024066729,0.23279510338762996,0.36107466973747554,1.1870595857055042,0,1
-0.973689553016624,-0.43003600209243426,-0.42499498355594506,0.1547667355033849,0.05665798944229431,-0.5484017668131509,0.3285616611941488,-0.12491847182093123,0.15176493650608197,-0.02965130334747941,1,0
0.44035655033519566,0.8080277201243377,0.49986784071059603,0.15760254932420506,-0.22882554494026203,1.4180364695093612,-1.280966344487732,-0.5756787780882462,2.8228611856047383,-3.6024109886657167,0,1
-0.7213818418024182,-0.2736515149806994,-0.22569970004730316,0.2671358581533829,0.05662906360670164,-0.6264010940040848,0.561834646900603,-0.1820723537429134,0.10973407148976135,-0.11975071128356646,1,0
1.5745992849864205,-0.3442748447167534,0.17213721213339245,2.89919120444052,-2.3581141545931055,0.624035756989174,4.150634717762076,-1.796326172167844,-1.1158680669116738,-0.25692867372464073,0,1
0.9650009883833623,0.7936249313596009,0.9926106496320789,-0.7508687884502913,1.5321214742746188,-0.47355779992823976,0.023635638661276222,0.06463486022808264,-0.2063420079828533,0.7639520282738077,0,1
-0.021528505885571595,0.14802240821971788,0.6514453044026521,-0.6077652206403861,0.6388193565817978,-0.21555548855074236,-0.30369217767629575,0.20553872346919852,-1.2439976187758477,-0.4408624189943702,1,0
-0.5815641365532518,4.620694230094378,-0.03246915346642308,-1.0214526905202128,-0.7171948901703029,-1.0892069317865107,1.1010801622957698,-1.3731391804691748,-3.1962468395989205,3.8724277123082884,0,1
-0.49591295153361176,-0.32121051677763707,-0.24987399812090744,1.0870274003303169,-0.8645286337619288,-0.9621668177832808,0.5384844559859236,2.3527181562295065,0.992382236832495,0.13795941714774915,1,0
-0.7414768410016332,-0.3944064825758062,-0.170065773813076,0.07183231001208477,0.22503527842763915,-0.5965873625144689,0.46117373984824556,-0.10777758948850683,0.2613134676656411,-0.08341584257648534,1,0
-0.9587900108864894,0.07020761705906414,-0.290620510699053,-0.482871253615099,-0.22635238599708263,3.294856575271099,1.6847041217682757,-0.30572968976820014,0.4549237288578417,0.6233619081115099,1,0
-0.7213818418024182,-0.2736515149806994,-0.22569970004730316,0.2671358581533829,0.05662906360670164,-0.6264010940040848,0.561834646900603,-0.1820723537429134,0.10973407148976135,-0.11975071128356646,1,0
-0.09178602174252912,0.2446303554789108,0.26243926085067387,0.7921815355711561,-0.5536337528111495,1.50488260129662,-1.640343442472903,0.06262760744339192,0.12071376554248817,-1.4356908356888836,0,1
-0.7406820387945001,-0.27182385075124316,-0.18333938309081127,0.12703877814425463,0.2124814657803896,-0.5850570271905917,0.48920050961558487,-0.31233249498099847,0.12503608854062045,-0.13907090162400687,1,0
0.9040411587230568,-0.49975543267152894,0.6443729637259736,0.4288166322431979,-0.11367179344556044,0.6183443126988716,0.0250091793033162,-2.41244713218448,-0.4478455952693009,1.6770731006168644,0,1
-0.973689553016624,-0.43003600209243426,-0.42499498355594506,0.1547667355033849,0.05665798944229431,-0.5484017668131509,0.3285616611941488,-0.12491847182093123,0.15176493650608197,-0.02965130334747941,1,0
0.2521533861932921,-0.16580939248501175,0.6054068241675942,0.2238240535474309,-0.06608879389550164,-0.1587295136936801,0.359368215594188,0.56547084122926,0.08459504347763579,0.5023225294870327,1,0
0.11658712293888503,-0.7103242044119804,0.42270013896428893,0.03382452755248158,-0.2518794359076765,-0.34200581558088394,-0.23916847084903733,-0.8224388145009447,-0.29601778972571235,-0.6691081044005273,1,0
0.0011158588836932923,2.0142861115654633,0.5521594715825627,-1.1124350506048588,-0.2678320342370731,-0.5162878661284904,0.6340109373049413,-0.23861877758531813,0.3461701076749505,0.1852224126106403,0,1
-0.973689553016624,-0.43003600209243426,-0.42499498355594506,0.1547667355033849,0.05665798944229431,-0.5484017668131509,0.3285616611941488,-0.12491847182093123,0.15176493650608197,-0.02965130334747941,1,0
0.1932180527209669,-0.28234285302838535,0.7060306673859741,-0.4435899806896646,0.8134735518907673,-0.46149665632858305,0.47929139498372514,0.1876847381737919,0.5267140361256706,0.6430048701282823,1,0
-0.10558258835691582,0.4494479446712363,0.4189318647813483,-0.5676830928859237,-0.043439864626385535,-0.44371457908996936,0.073083101774715,0.021478925357232892,-0.9668224462864232,2.2020842872905018,1,0
-0.7435613222618505,-0.33888124864830377,-0.20230636314494604,0.2429132817672109,0.1740101044420442,-0.5562164442065716,0.48354283030432493,-0.4512819278791261,-0.01571265920315783,-0.5558152460080167,1,0
-0.8623992484963137,-0.3996908161087992,-0.29119394372689184,0.07980147199929696,0.1743282886335643,-0.5757383930157959,0.402602042469827,-0.09626229719738656,0.16701727168339928,-0.07239549534172333,1,0
0.15467764380903934,-0.29802699334529525,0.3893591043456616,0.6971161287352365,-0.5995679797324223,-0.34607534569519355,0.40835783182694685,-0.7324029626192269,0.050066141366119386,-0.9827038430767446,0,1
3.731587501269344,-5.505360237714756,-6.140650459670659,0.49067938559368157,-1.6469724865455702,1.172773556750572,-2.6014948584146795,1.4404745880292922,2.8851125731525515,-0.07696040904984648,0,1
-0.7406820387945001,-0.27182385075124316,-0.18333938309081127,0.12703877814425463,0.2124814657803896,-0.5850570271905917,0.48920050961558487,-0.31233249498099847,0.12503608854062045,-0.13907090162400687,1,0
-0.8623992484963137,-0.3996908161087992,-0.29119394372689184,0.07980147199929696,0.1743282886335643,-0.5757383930157959,0.402602042469827,-0.09626229719738656,0.16701727168339928,-0.07239549534172333,1,0
1.203966519905373,-0.1850395987253776,1.0450115058426817,-0.8453959158109625,1.930705025824792,0.11263147262426836,0.21141826643731165,0.16909123869455187,-0.4535093288530605,-1.3772691622728024,1,0
-0.7406820387945001,-0.27182385075124316,-0.18333938309081127,0.12703877814425463,0.2124814657803896,-0.5850570271905917,0.48920050961558487,-0.31233249498099847,0.12503608854062045,-0.13907090162400687,1,0
-0.8300822908289192,-0.5133139200259191,-0.2207436003066964,-0.548239387938541,-0.3162683459371177,-0.4468109606986832,0.2895465662904897,0.021135579486167358,0.8479073485730855,-0.6112397538581582,1,0
-0.8815419846737751,0.22575773571822125,-0.2812517072775534,-0.1646561823695503,0.00022368420085686853,-0.08497665270898232,-0.38865547739105366,-0.2600911001373382,-1.1894469216270058,0.8275841587506758,1,0
0.2744978256013747,0.004511034376327001,0.7824064854271704,-0.6307405640961047,0.9926980292233899,0.1404399284053839,-0.7213466429023055,0.5724698147548263,-0.4361206731134479,0.3215703907411467,0,1
-0.4037908768464633,-0.31950204804140625,-0.07129876135150748,0.9051677103025363,-0.8325800483497466,-0.33882096592620686,-1.2169331878897733,0.35610909354185116,-0.26223411571732225,-0.19163657462663694,0,1
-0.7406820387945001,-0.27182385075124316,-0.18333938309081127,0.12703877814425463,0.2124814657803896,-0.5850570271905917,0.48920050961558487,-0.31233249498099847,0.12503608854062045,-0.13907090162400687,1,0
0.06634962494084708,1.6056442289576909,0.4729711010714903,-0.594583937880648,0.5441740225223495,0.9580616091977594,-1.8394087255228382,0.9896350480994234,-0.33993656593661953,1.5335780353675792,0,1
0.10076606013651791,1.5891555190615094,0.4985844429816234,-0.016471781464008965,0.41347263439654974,-0.03838348183500291,-0.07764663201486127,0.28522137677724857,-0.7065887926747358,1.3986133644213525,0,1
2.453305611910312,0.2490008568971757,-0.25983534900450717,1.8460933618041961,-0.7033828036747692,-0.6208865858057089,2.652755944268872,0.9041419262041109,0.29499777792694776,-0.824453501195142,0,1
0.465400317993919,-0.07934299510774735,0.9511050209504134,-0.5368436175845046,0.8560813077188747,0.2971168378063033,-1.0232639573621383,-0.0939116985416304,-1.6928236643520187,-1.880977418308532,0,1
0.8840961222044326,0.30144687391635516,0.8481601392860193,-0.4926521855433907,0.9724499443084713,-1.0543505216769895,0.5814893594212226,0.8628347767928446,0.10705125031850682,1.2182762178307505,1,0
1.8056917757773951,-0.16687221896627172,0.28859872945398685,0.7089451484230095,-0.09074806873831333,0.42159137847659905,1.3711771185483432,-0.2969875756664552,0.19901239824428643,0.45441399067147775,1,0
-0.10265831608538822,-0.018682422013783614,0.4166654390046521,-0.03785854402936083,0.6117158486313995,-0.7361014709985174,0.7976911971480373,0.2226267833599206,0.37225309128436934,-0.09757168609561467,1,0
-0.593568649134574,-0.4527030117207993,-0.08320432326282733,0.37426660249547705,0.06480061216165088,-0.414785528059986,0.6099739760692419,-0.8105537651179077,-0.02877899194463814,-0.7690751035844765,1,0
0.48174625017835526,2.410015149073817,0.8191061992088535,-1.0230281426428909,0.3194058170489563,-0.7541194630263665,1.0828316937658105,-0.2739569910842147,0.667413101995907,-0.8273123360426535,0,1
-0.1322009641618463,-0.27203244286438766,0.1818309609373341,0.45202829351731816,-0.4839803407038294,0.0668050248153038,-0.14645447751133958,-0.7387680668443645,-0.9039748762561093,0.9597822153283428,1,0
2.051405627926008,-0.567021422681734,0.5679425330154593,-0.3008802759104288,0.9780181676600739,0.24518609482587433,-0.6020448271365485,0.19447242193254857,0.16895486475152757,-1.2427655937213358,0,1
0.7150131998379019,0.3889562318593419,0.8536760188871355,-0.042138522295969,0.8321451787658816,0.3986191758748079,0.4640189311781855,-0.5547875023949523,0.26081664893022366,0.33420459635756833,1,0
-0.006532237826455765,-0.07143636072379526,0.24684734376039033,0.5220308828349709,-0.5005837703340629,0.5832519878001148,-0.8055904689474235,-0.7486722746635619,-0.8055054028963604,0.7085275204236661,1,0
-0.4074124755827398,-0.2616823008693147,0.19761402237023057,-0.1138478514131895,0.15840461613976048,-0.30319783275167067,-0.16162883127101918,0.47073379203602983,-0.21185669594598755,-0.5590429627713359,0,1
0.2082893021203783,-0.1984292257976984,0.49762872126855884,0.3405125407671041,-0.16621557379977434,-0.46568414383751033,1.419283744368362,1.2675339138956787,0.6682576938461168,-0.42269498464082966,1,0
-0.6278051291135355,-0.758528848463889,-0.0624788152566536,-0.1658246426938696,-0.04063405857388967,-0.4559231694328981,0.27214838482465015,-0.4568018730370255,-0.21414206212890807,0.6061627887869653,0,1
0.025484794479756476,0.30343346547011185,0.373739880920719,-0.17683967878492568,0.5658828621347016,0.7076970391217561,-0.18023703663579874,0.1556215160604433,0.06546752216406196,-0.012129412346602692,1,0
2.4704763388379996,-0.09875199458795121,-0.23034996883972925,0.9630918333463254,-0.6899756788775339,1.0159492006063808,1.9330533511885495,-3.604860931174152,-2.2724124010900764,0.22432389568628094,1,0
0.5010164546343191,0.5245411054032433,0.6761575372690385,0.3237733619636518,0.34470146027480825,0.44146719946967616,-0.8860080032040016,-1.3061075019488464,-0.43622003686053135,-0.9716373856025065,0,1
-0.8623992484963137,-0.3996908161087992,-0.29119394372689184,0.07980147199929696,0.1743282886335643,-0.5757383930157959,0.402602042469827,-0.09626229719738656,0.16701727168339928,-0.07239549534172333,1,0
-0.8857859285345049,1.2066373153856385,-0.35166928309615797,-0.43576523514703125,-0.6078118428763533,-0.3511180243150989,0.09715276635903443,-1.1091590280614985,-0.30510957258385263,0.4252723193226512,1,0
-0.7435613222618505,-0.33888124864830377,-0.20230636314494604,0.2429132817672109,0.1740101044420442,-0.5562164442065716,0.48354283030432493,-0.4512819278791261,-0.01571265920315783,-0.5558152460080167,1,0
-0.7199272038006839,-0.4592090990593528,-0.05658064697031168,-0.053403004973115724,-0.18977566689006178,0.253708516587001,-1.2073184033954938,-0.47325606362731887,-0.4438213635124192,0.3609024250141673,0,1
-0.19166116701624045,0.31068452464132423,0.18041103153506657,0.7722651949869702,-0.7372260313182761,0.8488035724331432,-2.507636247875282,-0.04819387524821486,0.1691039103721528,-0.746250535043861,1,0
-0.9137464703307263,0.007570385369112492,-0.3048662254906483,-0.9953264428191385,-0.4917469275604805,5.375919909813331,1.09310054523249,0.5998846619983648,-0.4428774079151259,1.523802664598669,0,1
3.543534299808032,-3.232302181906231,-6.326060472005204,1.2964312449695816,-4.399699630728758,-1.0035403739454283,3.595757001726549,-1.927140949043804,-3.241954163257331,-3.0716360220575805,0,1
0.5487045870623075,0.04044847558378738,0.766213828974389,-0.4283999964735122,0.12836513587669907,0.28868288409113996,-0.31912815822493534,-0.11501426400173377,0.2713492061210747,-0.5597807266029519,0,1
2.388296789874045,-0.4761944568439734,-0.9217545543057655,-4.805294826161751,5.1426442729605375,0.35515187595819675,-1.1721296002803747,0.3870894556003009,-0.8877785854814988,2.018565534176056,0,1
-0.39155392211022483,-0.37164014336975326,0.20026273683215262,0.043395399197749554,0.30688093023729957,-0.12233965745412909,-0.46629322701493175,0.042739958142443454,0.20164553754199924,0.0732667511629333,1,0
-0.07319064934922556,2.0960343540025557,0.2827824801716218,-0.23952954449981537,-1.238250429620141,-0.136818927643448,-0.32511287102239517,0.47279386726242295,0.7408925929641555,-1.3136831420354103,0,1
-0.42162143956875203,-0.3062415494200796,0.15143901046187774,0.018949633760864802,0.42307601181333976,-0.5964104264225424,0.6158278754722217,-0.39027200771286974,0.09418364507119355,-0.44459734839192555,0,1
0.168099303721948,1.281929135273021,0.6363449013362302,-1.1325220651690016,-0.4523499394831673,0.48124833080448526,0.5178813463553242,-0.1848191207114375,0.33951273662035597,0.35808970040613186,0,1
0.14635471503622996,-0.21972548725397123,0.04385205190545526,1.7743577751515982,-1.3313916202287672,-1.0223250890382922,1.8943325864224705,1.1714234812181863,0.35714980172767724,-0.7271608959008004,1,0
2.5132157028064794,0.0654397973300479,-0.051310524381126474,1.7767865971740597,-1.7619526830267154,0.2223023602700465,-0.8977158020099613,2.18680286684231,0.10143719860828904,0.35679861370080407,0,1
-0.8656609367991714,-0.14514884032594108,-0.23447322537323678,0.027089469728033753,0.06426548420318524,0.2454809883124186,-0.8403868318791027,-0.2653205218658745,-0.48555413728748936,1.0111490221045973,1,0
-0.17928924586746994,2.1009015033092595,0.3970867970541559,-0.8860950956468071,-0.47669103013445885,-0.11906633975348875,-0.22369978695177767,0.046939342257783165,0.055878920570504156,0.3461010381423741,0,1
0.9572779103329178,-0.5094797983271685,0.8042515531543627,0.554984089734316,-0.14903362745768622,0.7595393140562219,0.9752703801546331,0.4487596562878371,-1.4928044414729325,-2.1963714563243126,1,0
-0.9084527877058585,0.13678823298322312,-0.2628172007492689,-0.9982147717107146,-0.42040135407098495,4.840393338249113,0.7121065338094993,0.5125163434226175,-0.5120345758852421,1.332306840054877,0,1
2.3612285260273405,-0.2759857600563636,0.10370753747796234,-1.7247607756189853,1.8145388700843446,0.3649128503628088,-0.19554220378995846,-1.5317121504597389,0.38268628472813687,-0.5308696064515054,0,1
-0.6372977667949556,-0.24497506590222007,-0.06220575191006365,-0.07927980608809951,0.2378783494308161,-0.7008322100078342,0.6511147886332008,-0.011297399719097935,0.12573163477020496,0.277212340365243,0,1
-0.7617592935515874,0.3946180177875488,-0.167280527677859,0.036673470140990636,0.19389661641205352,-0.2790460562037029,-0.16391806567441916,0.11251840363129599,-0.3052586182044779,0.8511464911229072,1,0
-0.20260844269939512,1.130749518032129,0.250834068620603,0.4221866045602618,0.40041261962642727,-0.7613148640980443,0.7563214611437383,0.07953078878815564,-0.10896553584102293,0.2411541330950178,1,0
-0.031426042804587946,-0.4529513356650189,0.19562065994012431,0.8669367387922204,-0.44870528419848194,-0.37591856653346384,0.03688049485237593,-0.7984838371889124,0.28019257961150623,0.0710073494286097,0,1
-0.10318318546745722,-0.16013767359903622,0.44784927318521917,-0.19617835359079638,0.43084259866999064,0.3891236056080854,-0.08533191894056111,-0.6806633809717394,1.8390110438574598,-1.123478404196946,0,1
1.081746935223579,-0.5200881972242297,1.15216156304456,-1.5866461395308935,1.935043901163703,1.064311732399625,-0.21408500245749795,0.9812891023104463,0.7264351677635064,-0.13708816132653917,0,1
-0.5989523093677965,-0.2495541594336295,-0.050464028006697755,0.2276576537126137,0.15311118822628886,-0.3231326324420568,0.15366415277439305,-0.5853716961406342,0.07500644188407797,-0.41333460602720334,1,0
0.7815966300203762,0.3204188232547325,0.6197699561982232,-0.32589057835793983,-0.1294797625969934,2.198236166859281,-3.38912230657874,0.6808086426864209,0.843833434942662,-0.2637068789276114,0,1
0.3896691642953841,-0.3246870519967115,0.5998090255625012,1.115464311144652,-0.850716547266395,0.8074595056196501,-1.2614751487102125,0.6724098744557413,-0.18751257791052997,0.895273990301431,0,1
-0.4999169551053957,0.16189875022270903,0.08363738150360436,-0.7092505948762178,-0.2895987255206106,-0.6765919654139032,0.6863689984455601,-0.09288166092843383,0.41632091311590164,-0.052983084522331005,1,0
-0.5762104688561475,0.642445314118709,0.06848236576786466,-0.16373716863132154,0.11423486518964511,0.11643559860068822,-1.0056695558045785,0.7268434006300506,-3.422050954846175,-1.3402426399735814,0,1
1.0629266188093889,-0.13460997213326137,0.38348824239397866,2.717882922655676,-1.3014533803902801,-0.21063076732545463,1.5498682154080188,0.04691293103693199,3.406027017237802,-3.3913644225841044,0,1
-0.7299747034002916,-0.31372106661997395,-0.18350049046529932,0.2059558007227262,0.15228680191189578,-0.5494928727133644,0.42660630035690633,-0.4581224340795851,0.12016726493352889,-0.31244540205373433,1,0
-0.6478701357766323,-0.06884385874614267,-0.05808249537655614,-0.9107771789020934,-1.0218851793864392,-0.19954277223139372,-0.14586581723617958,0.021135579486167358,1.2348297797162358,-1.3571189876217942,1,0
-0.8553360062404701,-0.5036392191591236,-0.27787391368023623,0.05746943816033835,0.01866390439122917,-0.44144389924357924,0.13741058851025345,-0.20095637665151658,-0.04293832590403693,0.2105369340829595,1,0
0.22193590605417368,0.1559588414769762,0.6590637717725104,-0.113427730847142,0.7725724203626317,-0.04236454390334925,0.7226370120651392,0.002911837098844034,0.2799441702437975,0.09590687874564505,1,0
0.18332051580195055,0.3906448346800351,0.7084336248359652,-0.5530182593773305,1.135794137900679,-0.4195628025420016,0.22214496478467136,0.08616000522180513,-0.11348658633332219,0.8143505200210661,1,0
0.8351333069914194,0.20003137509707067,0.6720342807355308,0.12010678880447205,-1.1328157588846006,0.4483971964034644,-0.09730134453548081,-0.64482335427667,-0.5628591325184525,-1.9943163869405185,0,1
-0.0728157426477477,-0.1745205964482353,0.5442133281967965,-0.28668807803863916,0.5835999364352553,0.2910420319834933,-0.5852026025972489,-0.1383353720133374,-0.04731033077571096,0.5203516331221454,0,1
-0.8558383812204505,-0.34594358162190914,-0.2986431118218644,0.14285894320947815,0.1337742671325416,-0.5701059274228021,0.3917118273793672,-0.16783670570412026,0.16363890428256034,-0.07995757461578597,1,0
-0.6151107882014939,0.2228771779652739,-0.04898948593511231,0.2625407894622392,0.15156365602207725,-0.14858517775656052,-0.22598902135517765,-0.5875638274712832,-0.3696463263145861,0.3598418895062195,1,0
-0.4963103526371784,-0.26328150707008896,0.13328029791364904,-0.7745005702904589,-0.034747651030766935,1.4167094488199123,-2.17553374263919,1.045362724095441,-0.07885832047472233,0.2287965889154521,0,1
0.37549769097951974,0.28903067670537513,0.6524556387850347,0.2604533153996911,0.623329571621885,-0.4227181628480242,0.32189017807566894,-1.2234139694637605,-0.10355021162497217,-0.9488589273013667,0,1
-0.7286625299451188,0.3288618373581989,-0.04647730314648518,-0.5611055802737436,-0.05405564628892143,1.7223665476229482,-0.5172123408162705,0.8744557139673697,-4.05688593496266,-1.495910808444528,0,1
-0.45711760606467916,-0.3357722328666744,0.12205739436880395,0.2003892032225978,-0.24168307886123538,0.46034038260850335,-1.236130053529713,0.2611607545818115,-0.7919919332930044,-0.009132246780663216,0,1
-0.7406820387945001,-0.27182385075124316,-0.18333938309081127,0.12703877814425463,0.2124814657803896,-0.5850570271905917,0.48920050961558487,-0.31233249498099847,0.12503608854062045,-0.13907090162400687,1,0
0.22950902142402718,-0.2768201285089415,0.28199059646651103,1.1387153587218395,-0.5871877220987289,0.26506191581895167,-1.7754409756221199,-1.2482933395055844,-0.5586361732674039,-0.9143684681733252,1,0
-0.6484324958288492,0.15750838288890653,-0.008221128289239557,-0.32041588223163425,0.016827113831090094,0.24430141436624184,-0.7807032206476042,0.36593406769849507,-0.8313896590116122,0.8063734485917197,0,1
-0.9791017061591589,-0.4187322961515581,-0.43242503721665637,0.11586619684093086,0.07664574183687829,-0.5732317983801705,0.32718812055210883,-0.11195056238299536,0.023386975274199535,-0.15875997388025512,1,0
0.2518534608321098,-0.9123605654290464,0.31129029355560783,0.6614715244596501,-0.6933455387240881,-0.0303918683496558,-0.4836914084807714,1.9561008527071375,-0.4261346165315561,0.27287797785449985,0,1
1.327760712733374,3.5765417094398066,-0.004507466775616854,1.4271149985457097,-3.282294601781177,-0.6427381931586321,-1.2907119423764917,1.8900992118000055,-1.2553250859433667,2.324045870704499,0,1
1.851130467996516,0.5534460125104046,0.33810511419073647,0.5400435521042544,0.19263834256376935,0.09759190481051551,-0.3000621059794758,-0.3859669787141252,0.27283966232732715,0.13362505463700597,0,1
0.5693244556435917,0.19506489621267867,0.5218767464457423,0.9977123937421714,-0.630952511350546,-0.06412768321030922,0.029195207926676087,-1.415397133831084,-0.9797397334072784,-0.014204373123022298,0,1
-0.394553175722048,-0.3916749191893906,-0.10300141589059543,0.9270796235754476,-0.7178023327177505,-0.14693377423191314,0.06686946553691517,-1.241400010863423,-0.34659393699121405,-0.7976173418201151,1,0
-0.8623992484963137,-0.3996908161087992,-0.29119394372689184,0.07980147199929696,0.1743282886335643,-0.5757383930157959,0.402602042469827,-0.09626229719738656,0.16701727168339928,-0.07239549534172333,1,0
-0.009231566077096647,0.19317763423660975,0.5330450373212694,0.2706281103586522,0.5772651784404451,1.0811796398299518,-0.014234839040682828,-0.7476686482712166,-0.20450377866180855,0.5897936537729883,0,1
-0.8623992484963137,-0.3996908161087992,-0.29119394372689184,0.07980147199929696,0.1743282886335643,-0.5757383930157959,0.402602042469827,-0.09626229719738656,0.16701727168339928,-0.07239549534172333,1,0
-0.20860694992304146,0.10209241149686075,0.32592648893282683,-0.027788779211911578,0.250171829557731,-0.32897152347563147,-0.12245021962426023,0.7846311518524615,0.1817727881252991,1.012716770246781,1,0
-0.7406820387945001,-0.27182385075124316,-0.18333938309081127,0.12703877814425463,0.2124814657803896,-0.5850570271905917,0.48920050961558487,-0.31233249498099847,0.12503608854062045,-0.13907090162400687,1,0
-0.6325139572840978,0.7116780297671332,-0.029793132669841994,0.010875441632140827,0.1521132468983393,-0.2989218771967802,-0.38594109945559374,0.5604262980466822,-0.24395118625395815,0.4735497400540142,1,0
1.0601523092184522,-0.37048792026857436,0.9430769585606701,0.5615090872757402,0.7277373751938833,1.3574948367218425,-1.7052595894836018,-0.47193550258475925,0.3161125741821916,-1.3296372848941034,0,1
0.2601014082646234,1.3153038733761353,0.6047514721357784,-1.0903787208873692,-0.8184497776626926,0.9918564027557215,2.3459331275160396,-1.7798983927984018,-1.0000099378123124,1.694502771138789,0,1
0.22501014100629244,-0.1953798077626817,0.6061714015380459,-0.01792907467748598,-0.08292363021047691,-0.0041463480472243,-0.46259774862087194,1.7832658234569292,-2.639809855931319,-1.8301178241665135,0,1
2.013315107055854,0.5039798828218602,0.4461835867710207,-3.62357444647647,3.6691622078663166,-0.7070249732252619,-0.5940979134218887,-0.48823122584994544,0.45343327265158906,3.9235178576476866,0,1
0.15400281174637903,-0.4207089547475461,0.49825676696571564,0.27643102567718225,0.322905843155678,-0.3387324978802436,0.9852776048323526,-1.0507109963178078,-0.1660500085404939,-1.0730338022102115,1,0
0.19314307138067133,0.5197732856742269,0.42245438195235807,0.21002571870631065,-0.37242785574042414,0.16482761974258708,-0.4270165053223127,1.5471759202681126,0.9214365214148759,0.012631786252004668,1,0
-0.20508282692914914,-0.026241402875828195,0.4920036163288068,-0.6849623746516009,0.6150567826423611,0.25229302785158897,-0.3211557658393753,1.1728232759232997,-2.5842158394381003,-1.4157712122352553,1,0
0.5113638795951089,2.1419246188943375,0.711874223002998,-0.643738044108197,-0.7217073205227706,0.4973495151697971,-1.165621633904995,-1.0003976205962848,0.11102580020184685,-0.7199676985425457,0,1
-0.08346309296971993,-0.12318707069915982,0.47701243860102105,-0.2804125270833056,0.45576220603313694,-0.025260721683787166,-0.5091673170557507,0.8735841436792804,-1.030912063155281,-1.017240412444262,1,0
-0.973689553016624,-0.43003600209243426,-0.42499498355594506,0.1547667355033849,0.05665798944229431,-0.5484017668131509,0.3285616611941488,-0.12491847182093123,0.15176493650608197,-0.02965130334747941,1,0
1.205391165370989,-0.6271754149294898,0.5449232928979303,0.8390381074531333,0.17168157467682854,0.46635620973400455,-1.0794810136399169,-3.9239084790565664,-1.3965209705490207,0.5314642008358593,1,0
-0.9250769006627912,0.15061491019737047,-0.25292411570231665,-0.7948501602083814,-0.18915376142481785,2.0105069733252603,-0.14360928618139965,0.13842781128631654,-0.409242779527361,0.5906236380835562,1,0
0.7624763882450034,0.20628913849140462,0.7262919677029449,-0.32921215658325215,-0.3966677059671412,0.5329431589956788,-1.9337251829429158,3.9233934602499683,0.1773511013800834,-0.5259358108275741,0,1
0.8264354715171325,6.697377710814043,0.788850780406692,-0.7867103242412123,-0.25880717353213795,0.877909559555053,-0.43532315587179254,-1.3612805423069891,-0.9153520252971701,1.8432082934488614,0,1
1.0850461141965848,-0.11185356588497727,0.9527707073646119,-0.4626529513740666,0.8101760066331949,-0.5211241193078149,0.8425928948032961,-0.6293992012995733,0.2580344640118856,0.7438018536227995,1,0
-0.36839968422694996,0.2625096794627219,0.31126298722094886,-0.37341671739205506,0.28606879152832243,0.036991293325687916,0.49852096397228457,0.5219187380456424,0.5322784059623465,1.3769876621071127,1,0
-0.22307834860008813,-0.2804357251367789,0.3044910162255193,0.3274362881488779,-0.3790084833377729,0.5796837766129305,-1.5755908122053048,1.283142945418734,-0.3819177490793984,0.34748434532665384,0,1
-0.4186221859569289,-0.19832989622001046,-0.036046283306750776,-0.05861512574564165,-0.7925611548071895,-0.1745652939211022,-0.25623961882867696,0.09059709032480559,0.9526864198726366,-0.6909182476726713,0,1
-0.7435613222618505,-0.33888124864830377,-0.20230636314494604,0.2429132817672109,0.1740101044420442,-0.5562164442065716,0.48354283030432493,-0.4512819278791261,-0.01571265920315783,-0.5558152460080167,1,0
1.3641266627767301,-0.15870732768033127,0.6836667793002608,0.49280624595929673,0.006515053442277984,0.33666205435187696,2.582541854781734,-0.9417118878649333,0.496209365771036,-0.10780815925928475,1,0
-0.0005337306028094324,-0.14653945441357086,0.5975972124551229,-0.5589524623727504,0.7921696739767136,-0.4112762955701103,0.04142626031055577,0.2073346864870797,0.11057866333997109,-0.20454744167991457,1,0
-0.7406820387945001,-0.27182385075124316,-0.18333938309081127,0.12703877814425463,0.2124814657803896,-0.5850570271905917,0.48920050961558487,-0.31233249498099847,0.12503608854062045,-0.13907090162400687,1,0
-0.7250334330748128,-0.3961646161008809,-0.20499603710885658,0.25744682759891413,0.012546090163364472,-0.581547794700716,0.41182438678066674,0.10153133575719961,0.30508319825592306,-0.039426674116389594,1,0
-0.973689553016624,-0.43003600209243426,-0.42499498355594506,0.1547667355033849,0.05665798944229431,-0.5484017668131509,0.3285616611941488,-0.12491847182093123,0.15176493650608197,-0.02965130334747941,1,0
0.15520251319110834,1.4099649609126466,0.6765125196196052,-0.4822804590690948,0.7081545844975977,-0.46934082307065805,0.34677742637548836,-0.0805740320117778,-0.13698611251857004,1.8234731109531368,0,1
-0.5151456653194278,-0.24246202758671775,0.06242035947356878,0.13311739758425342,0.201995850378021,-0.35123598170971654,-0.0029194804181631347,-0.03002295530259393,-0.44670291217784064,-0.5476998438602421,1,0
1.153878984587926,0.2887326879723116,0.8908399403580214,-0.15123858179141045,0.0582922991532842,-0.5622617606807272,1.4273614714775018,-0.5850283502695686,0.5054005123762597,-1.4925908712022569,0,1
-0.1834882009240224,-0.3738055281633482,0.19250773778899938,0.5806770881016541,-0.491848167985055,0.4116239786314059,-1.393465863740529,0.8810321079593167,-0.011688427446276094,0.8813948082191577,0,1
-0.41355344735294775,0.714856576253144,0.05608528983268302,0.1612129604386751,-0.1429447390654143,-0.29529468731228686,-0.1513599798043395,-0.2872682463932161,-1.3844482752783753,0.8776598788216022,1,0
1.069824902116582,-0.4462465891710897,1.1536634114508046,-1.4737387374056472,2.2782634033893703,-0.8290224086085866,0.8688209803965357,0.012974512243148642,1.1939912796649172,1.5315030745911598,1,0
-0.28701493747012846,1.0453260812205867,0.26781860877849506,-0.7299940478248097,-0.28125362195210485,-0.7142203742969399,0.7376478490817189,-0.7514982752946395,0.37250150065207804,0.23788030609222235,1,0
-0.7206095339973736,-0.2600632287530029,-0.22457467905935277,0.1574712616473152,-0.06496068630738482,-0.7140729275536677,0.6667142859249405,-0.039979985563493796,0.12627813537916416,0.10443727304870347,1,0
-0.14502277335239042,0.10370155065540371,0.22871593754682074,-0.7057058276001927,0.4439460021935023,1.6075350239626471,-3.062742887351148,0.6159690954967414,0.9554189229174328,0.191816176855707,1,0
-0.973689553016624,-0.43003600209243426,-0.42499498355594506,0.1547667355033849,0.05665798944229431,-0.5484017668131509,0.3285616611941488,-0.12491847182093123,0.15176493650608197,-0.02965130334747941,1,0
-0.973689553016624,-0.43003600209243426,-0.42499498355594506,0.1547667355033849,0.05665798944229431,-0.5484017668131509,0.3285616611941488,-0.12491847182093123,0.15176493650608197,-0.02965130334747941,1,0
-0.973689553016624,-0.43003600209243426,-0.42499498355594506,0.1547667355033849,0.05665798944229431,-0.5484017668131509,0.3285616611941488,-0.12491847182093123,0.15176493650608197,-0.02965130334747941,1,0
-0.2565725133101234,-0.36425995574754677,0.19534759659353435,0.42588891704855486,-0.201808814496642,-0.5751486060427076,0.8972728936959348,0.9316095958893519,0.3492007019609972,0.15174637875107058,1,0
-0.8623992484963137,-0.3996908161087992,-0.29119394372689184,0.07980147199929696,0.1743282886335643,-0.5757383930157959,0.402602042469827,-0.09626229719738656,0.16701727168339928,-0.07239549534172333,1,0
-0.973689553016624,-0.43003600209243426,-0.42499498355594506,0.1547667355033849,0.05665798944229431,-0.5484017668131509,0.3285616611941488,-0.12491847182093123,0.15176493650608197,-0.02965130334747941,1,0
-0.1936856632042212,0.6691649705167378,0.36956201171789355,-1.0483666642826261,-0.1163763590734817,0.5538805965403152,0.4598001992062056,-0.39127563410521504,0.03203162127046409,1.1347705741397303,0,1
-0.8623992484963137,-0.3996908161087992,-0.29119394372689184,0.07980147199929696,0.1743282886335643,-0.5757383930157959,0.402602042469827,-0.09626229719738656,0.16701727168339928,-0.07239549534172333,1,0
0.041005931920941305,0.26290699777347326,0.5739499266404371,-0.6395368384477228,-0.10752505338210297,0.46788965586403414,-1.1795532604171144,-0.02859674937662949,0.3130322980226031,0.7221300410690835,1,0
-0.7406820387945001,-0.27182385075124316,-0.18333938309081127,0.12703877814425463,0.2124814657803896,-0.5850570271905917,0.48920050961558487,-0.31233249498099847,0.12503608854062045,-0.13907090162400687,1,0
-0.23979918748600226,-0.23020475770003826,0.13942422321192188,0.2595868167322182,-0.03947702515018008,-0.5063204662832974,0.2210984576288314,0.11954378837771337,0.08702945528118151,0.04735279657742616,0,1
-0.6406494327061681,0.06491335056830237,-0.021328168925554974,0.0386953003650939,0.30125485521451145,-0.10228690036912527,-0.19907416544091827,-0.00406072520587099,0.14093428807398045,0.5923758271836439,1,0
-0.7003645721175673,0.8743798780198145,-0.14868491377508647,-0.2666667073129414,-0.775798633081196,-0.05702075018459465,-0.7600020009711447,-0.7317955045396494,-0.6765809410555188,0.3071839960246374,1,0
-0.33017419694426375,-0.4741681334591415,0.07140414357637669,0.4405406217894588,-0.4151802407464952,-0.34522015458421546,0.18993216639397217,0.6790390908893909,-0.5826822000616109,-0.2805371163363483,1,0
-0.10100872659888534,0.5116282603038238,0.4591814020687002,-0.6021198505341236,0.30119700354332596,-0.6469256806675593,0.7625023940329181,-0.07539743272494392,0.8268422341913834,-0.489831493317873,0,1
0.014012649414532974,0.2808856513349723,0.45748840931984286,-0.13684945240428603,0.5640749974101553,-0.8937810182536869,0.9899214803363926,0.2232606526603492,0.3112437505751001,0.33604900593660797,1,0
0.27922165003999616,-0.523385939203466,0.43203890541766365,1.2523842293730467,-0.5421068073274423,0.3085881944328717,-0.8558882191249825,-0.22160995135714967,-0.021277029039833858,-1.724709816724397,0,1
0.5933184845381769,0.23827326250688902,0.8806000648609,-0.4003569486898464,1.1589203434570756,-0.49045519670722093,0.360937976327948,0.4672210996628211,0.6517633118302557,0.3860786157680585,1,0
0.5479547736593514,0.1410097400349564,0.7348934631205268,0.6661322369892387,-0.14157076187475903,0.5010946624489081,-0.9486022124626801,-0.20180153571875475,-0.3195669977845019,-1.2052779690273547,1,0
-0.5645433723061554,0.22218187092145902,0.09704479182116868,-0.4159801822397351,0.12307170796322746,0.9278350268269817,-0.5622775552146294,0.5863621169225538,-1.5208250181504794,0.44911131313173874,0,1
-0.973689553016624,-0.43003600209243426,-0.42499498355594506,0.1547667355033849,0.05665798944229431,-0.5484017668131509,0.3285616611941488,-0.12491847182093123,0.15176493650608197,-0.02965130334747941,1,0
-0.973689553016624,-0.43003600209243426,-0.42499498355594506,0.1547667355033849,0.05665798944229431,-0.5484017668131509,0.3285616611941488,-0.12491847182093123,0.15176493650608197,-0.02965130334747941,1,0
-0.49688021082342476,-0.3228792536827928,0.0015545395186790287,0.008945512781860438,0.12612338361826161,-0.2800486940579531,-0.21428122254921791,-0.04655637955544089,0.22156796883224097,0.28090115952332234,0,1
-0.06854180625089967,0.14138719243017014,0.40650748251150765,-0.39513169914963153,-0.04858866336189345,1.295567204547566,-1.8618105193275378,-0.8181601967230514,0.09781042183974135,-0.1670598169859336,0,1
-0.7315193190103805,-0.26838704736324387,-0.1989558758822879,0.19091023295115267,0.14236524030358566,-0.607262506727368,0.4984228539264246,-0.19179168301615251,0.14908211533482754,-0.12362397139954977,1,0
1.7335597264130482,0.6608212859909592,0.3523863272173885,1.3519002884555311,1.457218023007216,1.9159346321905437,-1.731160641590641,-0.8472125396593639,6.471945115372747,-3.285495312747228,0,1
1.0293349783569694,0.27899838935890325,1.0766322413777925,-1.0545371850964478,1.0953992084954167,-0.4602581036850975,1.055491694319491,-0.3992254115814242,0.5474313773925805,0.2574310476300427,1,0
-0.5889423004383367,-0.16106143867153308,-0.11957636102860265,0.03482231389684422,-0.4648603633770278,0.7302269014937309,-0.7633704458790045,-0.9734581753280676,0.23130561604642402,-0.7968795779884995,0,1
-0.23754974727713496,0.036266700363129414,0.11793413783529644,0.38097540278454695,-0.18974674105446904,-0.545718236085599,0.4733393855348852,0.7494249944578208,0.06039997106280342,0.46026999108492866,0,1
-0.6055131766436598,-0.4477365328364073,-0.11441546377805345,0.3985285651847161,-0.08373355360707367,-0.4740296295067104,0.07919862796665489,-0.8365159952146306,0.02075383597648677,-0.44510456102616147,1,0
-0.1690917835872713,0.21314287935186552,0.42868022625460794,-0.6963844025410154,0.16985924703448588,-0.1992183893961951,-0.2956144505671559,0.4049962633374099,0.910655554856316,-0.09268400071115958,1,0
-0.7273578546239757,-0.3165420266263086,-0.19192176407413195,0.2264760646206053,0.12890026383516476,-0.5535329134790196,0.4515916587025858,-0.47576512960818224,0.0993505599195356,-0.3135981580406341,1,0
0.7007667451817418,0.7952142046026065,0.7470720883784366,0.24417364346535314,-0.977484021751582,0.12023972457710808,-0.2185980645670578,0.17516581949032634,-0.270431624851711,0.4593477862954088,0,1
-1.0359810512805794,-0.23324424277728617,-0.2988724850329999,0.026341129969761755,0.2236468383191876,10.632396307463225,1.416798289873242,-0.02521611310767676,4.766863215419882,-4.885658953282555,0,1
-0.973689553016624,-0.43003600209243426,-0.42499498355594506,0.1547667355033849,0.05665798944229431,-0.5484017668131509,0.3285616611941488,-0.12491847182093123,0.15176493650608197,-0.02965130334747941,1,0
-0.973689553016624,-0.43003600209243426,-0.42499498355594506,0.1547667355033849,0.05665798944229431,-0.5484017668131509,0.3285616611941488,-0.12491847182093123,0.15176493650608197,-0.02965130334747941,1,0
0.1576768974208625,-0.009762625937415646,0.4973010452526509,0.3759995998304227,0.09835458144923037,-0.462558272880142,0.7757799535726378,-0.3535339995088599,-0.7841421972734078,-0.5755965387432169,1,0
3.558080679825374,-1.6170145225043504,-4.721813310789514,2.1714636114402404,-3.8771544107458937,1.969575757392929,2.5193916885965155,2.4739456599364837,0.09438237256536057,-0.1948181811504804,0,1
-0.973689553016624,-0.43003600209243426,-0.42499498355594506,0.1547667355033849,0.05665798944229431,-0.5484017668131509,0.3285616611941488,-0.12491847182093123,0.15176493650608197,-0.02965130334747941,1,0
-0.973689553016624,-0.43003600209243426,-0.42499498355594506,0.1547667355033849,0.05665798944229431,-0.5484017668131509,0.3285616611941488,-0.12491847182093123,0.15176493650608197,-0.02965130334747941,1,0
-0.27893944712029456,-0.09894072078555816,0.2712865132801868,-0.037819157726293934,0.12093119612936465,-0.27518295152997424,0.4368424484749661,0.17609021222011811,0.13760560254668325,0.21791457239911816,0,1
1.0522792684874165,0.4768629081130799,0.8790709101199965,0.43297845160060516,0.2640128418888575,0.35249783457929906,-0.7723638667495044,-0.9517217405675357,-0.2869260068675721,-0.8417909512381149,0,1
-0.973689553016624,-0.43003600209243426,-0.42499498355594506,0.1547667355033849,0.05665798944229431,-0.5484017668131509,0.3285616611941488,-0.12491847182093123,0.15176493650608197,-0.02965130334747941,1,0
-0.8558383812204505,-0.34594358162190914,-0.2986431118218644,0.14285894320947815,0.1337742671325416,-0.5701059274228021,0.3917118273793672,-0.16783670570412026,0.16363890428256034,-0.07995757461578597,1,0
-0.8506721668740851,-0.3685907253347366,-0.30010127009265447,0.18199579969033383,0.1036769351982947,-0.550878872100122,0.3698005838039678,-0.26550540041183285,0.1488337059671187,-0.16936532895973316,1,0
-0.6160705493572772,0.2887326879723116,-0.11995864971382848,0.34584282044883075,0.18555151284354782,-0.6388161097875945,0.5924449812089224,-0.48783505753717754,-0.15020149088067558,-0.20224192970611501,1,0
-0.489142136504921,-0.6238677399924847,-0.10775271812125975,0.6310390409565895,-0.217385376963333,-0.23109637529162028,-0.45903308362129197,0.2333233278046538,0.012556326842098023,0.7278016005246305,1,0
-0.4339033831091679,1.2605732760701356,0.12978508707729824,-0.47005757635065243,0.1083629205643187,-0.0994264335496468,0.09911496727623441,0.01722671880019079,-0.32572755010367893,0.5127434436086068,1,0
-0.7429689696735152,-0.24084295547040593,-0.1792133959238378,0.1035776702840436,0.22703116108353827,-0.6156374817452225,0.47147529466354526,-0.07777444260155132,0.2001550813357467,-0.03421621705560256,1,0
-0.8558383812204505,-0.34594358162190914,-0.2986431118218644,0.14285894320947815,0.1337742671325416,-0.5701059274228021,0.3917118273793672,-0.16783670570412026,0.16363890428256034,-0.07995757461578597,1,0
-0.8506721668740851,-0.3685907253347366,-0.30010127009265447,0.18199579969033383,0.1036769351982947,-0.550878872100122,0.3698005838039678,-0.26550540041183285,0.1488337059671187,-0.16936532895973316,1,0
-0.973689553016624,-0.43003600209243426,-0.42499498355594506,0.1547667355033849,0.05665798944229431,-0.5484017668131509,0.3285616611941488,-0.12491847182093123,0.15176493650608197,-0.02965130334747941,1,0
-0.19293584980126532,-0.3297131286277162,0.32355083781749455,-0.14623652130190837,0.44157408367489753,-0.6674502673310337,1.0205972213419519,-0.2621775865845825,-0.0177496160183696,-0.15401061921422807,0,1
-0.7596898085594296,0.9014968527285949,-0.18999120621374133,-0.322831575486407,-0.0501651214016978,0.20858981314574243,-0.09700701439790081,-0.05012189437035197,-0.48754141222915925,0.1771531207023418,1,0
-0.973689553016624,-0.43003600209243426,-0.42499498355594506,0.1547667355033849,0.05665798944229431,-0.5484017668131509,0.3285616611941488,-0.12491847182093123,0.15176493650608197,-0.02965130334747941,1,0
0.7769477869220501,4.613741159656229,0.5423018847706672,0.31986098919233513,-0.7207383050304138,-0.5942871933194244,0.2292088880865912,-0.5987885963330403,-1.2826004345177875,2.2437679437767977,0,1
0.7957681033362405,0.1515982730164801,0.7471267010477547,-0.18152664884989225,0.2634343251770027,1.6960915379718622,0.7177315097721393,-0.6402542130694137,-0.1921826740234545,-0.09356009526120342,0,1
-0.6959481711741576,0.8833195400117202,-0.08820138250542257,-0.46930923659238044,-0.8387267884132039,0.06763072657762749,-0.8732536972422019,-0.3121212052141889,-0.6019090851222683,0.5794188498908903,1,0
1.137008183021421,0.34455591063287755,1.0411340063211048,-0.4909060594407561,0.9069040008553205,0.3422355412475619,-0.54059523507957,-1.0235602612827812,0.40146603292691846,0.20541869750112446,1,0
2.34173337755049,-0.35465478558513275,-0.03956880047776058,-2.1339844644845587,1.935579029122169,1.6591413841078777,-1.7834532960340195,-2.0738816920930336,0.2635491519750199,-0.021213129523372953,0,1
0.077221919283706,0.9057680245691722,0.582906404408586,-0.3122891750321542,1.0502604420529442,-0.2662476788876858,0.11448554112763404,0.1310590806688336,-0.14955562652463283,1.0850176257451354,0,1
-0.973689553016624,-0.43003600209243426,-0.42499498355594506,0.1547667355033849,0.05665798944229431,-0.5484017668131509,0.3285616611941488,-0.12491847182093123,0.15176493650608197,-0.02965130334747941,1,0
-0.850267267636489,-0.3861919265010218,-0.2716508000114523,0.06588497824897593,0.1384313266629729,-0.2583445334483019,-0.12294076985356013,-0.05764909231294206,0.17198545903757437,0.022591597978818802,1,0
1.0168880758679033,0.8283902835503448,0.9659596670049042,-0.7294688971172503,0.9156829919577173,-0.9367175098945186,1.2895822637414451,0.08716363161415047,1.1509170953042198,0.05791204141742818,0,1
-0.4656804751264343,-0.38111618508117323,-0.05723599900212742,0.5831059101241158,-0.16701103427857472,0.7372748558221368,-0.18272249113091876,-0.829305731922255,-0.4592227443103617,0.17761422309710173,0,1
-0.973689553016624,-0.43003600209243426,-0.42499498355594506,0.1547667355033849,0.05665798944229431,-0.5484017668131509,0.3285616611941488,-0.12491847182093123,0.15176493650608197,-0.02965130334747941,1,0
-0.7299747034002916,-0.31372106661997395,-0.18350049046529932,0.2059558007227262,0.15228680191189578,-0.5494928727133644,0.42660630035690633,-0.4581224340795851,0.12016726493352889,-0.31244540205373433,1,0
0.7676501007253983,-0.5975255359896696,0.1875652912157221,1.688548149536411,-1.65593949557932,-0.43699100759676224,-1.1636594329877947,0.9743429512265825,0.01270537246272325,-0.24014454655537987,1,0
0.11343790664647072,-0.08136931849257924,0.4209798398807725,0.37687922726558454,-0.5335302970741947,-0.03525761087763462,-0.35117743987253464,0.09479647444014529,-0.07791436487742909,0.6251140972115977,0,1
-0.3746531280076013,0.4005777924488191,0.14540431050224079,-0.7137143758904718,-0.49264362846385534,-0.46671627104041497,-0.30522923506143573,-0.11773461974940667,0.5409727338321528,1.0365096538163925,0,1
1.6325598610349032,-0.09289154950436859,0.5085785614668139,1.2535133033942991,-0.9446531983538212,0.2088847066322866,-0.03702907302882226,2.4702480890173164,0.5223420312539966,0.2697424815701324,1,0
2.0099409467425526,-0.5686106959247395,-0.05368617549645867,2.556792943111866,-0.7458314674071166,-1.2371549939857227,1.9422429921507693,-3.839392572332749,-0.8141003670190833,-1.1024060247564178,0,1
-0.8089375528655659,-0.2558417217012697,-0.1569314268421016,-0.24797134212383076,0.0020315489254031766,-0.30346323688956045,-0.2600332072685968,0.44709574937421187,-2.331136375616425,-0.7167399817792265,0,1
-0.973689553016624,-0.43003600209243426,-0.42499498355594506,0.1547667355033849,0.05665798944229431,-0.5484017668131509,0.3285616611941488,-0.12491847182093123,0.15176493650608197,-0.02965130334747941,1,0
-0.5623914078396722,0.12479915295630087,0.0785310969223732,-0.2159371489627144,0.24722139432727144,-0.15979113024523914,0.027821667284636108,0.19103896322189348,-0.42216006664821604,0.8341779229957424,1,0
-0.6816192370436724,-0.5390303476893008,-0.15966206030800065,0.4127601493595727,-0.5000631052933934,0.6933357263270548,-1.8334567160739983,-0.3182750196725169,-0.6062314081204004,-0.07871259814993416,1,0
-0.5336735545064655,0.5861254435697038,0.08961746879392327,-0.06557337262080212,0.3723690220192649,0.2916023296079273,-1.240741225685133,0.33313133140131307,-0.7555751199869015,0.9631021525706142,0,1
1.3419321860492388,-0.5299019594997884,0.860775665898473,0.2522215780586992,0.3848939088309217,-0.725691730923508,0.6693305538145404,2.538917263230419,1.345968130829131,0.0849787519898351,1,0
0.9131888822391174,-0.335096791738397,1.1714125289791484,-1.7347386390626116,1.9992737190973844,-0.6583380585968189,0.525762853372744,0.9542176009379734,1.0102180294339833,1.720923938358532,1,0
-0.8623992484963137,-0.3996908161087992,-0.29119394372689184,0.07980147199929696,0.1743282886335643,-0.5757383930157959,0.402602042469827,-0.09626229719738656,0.16701727168339928,-0.07239549534172333,1,0
-0.12920171055002314,-0.24918663999618448,0.40426836306947045,0.12114396145190166,0.05594930647027215,-0.00013579663022362197,0.2329697731778911,0.0776820033285721,0.16552681547714684,0.24438184985833716,1,0
0.4410313823978558,0.4722937475394394,0.7940389839919002,-1.0351066089167542,0.6329618748742677,-0.17792707966770577,0.7642683748583982,0.33603656569494433,0.2990220096838296,0.8473654514858759,0,1
0.7249107367569183,0.5131182039691415,0.8671107355393587,-0.12119996131901936,0.7504152302985921,-0.10140221990949275,0.06853733631653516,-1.0199683352470188,0.034764124315260325,0.7730818556900538,0,1
-0.9992559406172076,0.00389519099466233,-0.34152771040380897,-0.17725979935097316,-0.2168068602514781,1.3299517850786167,1.3205523348845845,-0.013806465699961282,-0.30163184143593014,-0.17614353416270387,0,1
-0.973689553016624,-0.43003600209243426,-0.42499498355594506,0.1547667355033849,0.05665798944229431,-0.5484017668131509,0.3285616611941488,-0.12491847182093123,0.15176493650608197,-0.02965130334747941,1,0
-0.2544955301839358,-0.16358440994480425,0.2558311278631982,0.3234451427714273,0.15747898940079275,-0.16120661898065114,0.17770111401009245,-0.4142269850249019,0.11808062624477536,-0.45686267209253917,1,0
-0.5234311034220893,-0.3420597951343146,0.031018074615729797,0.07909251854409195,0.02841191098598287,-0.33734649849348597,0.0870801349840747,0.06664211301277333,0.006048001408128748,0.45920945557698084,1,0
0.5421062291162962,5.007781594343888,0.5150228564463357,0.6789984293244412,0.07385439870217882,-0.768215371683178,0.5828301967146425,-0.1582230213142859,-0.7054957914568174,0.3232764696017584,0,1
-0.9581301750918884,-0.03338319951158385,-0.3371231986233138,-0.49053845394546464,-0.4081367997796628,0.35243885588199025,-0.007007398995663039,0.1678235000936946,0.9748445354722572,-0.4235249689513975,1,0
3.518940420191082,-2.7710156231239034,-6.3020308975052926,2.5965731092094817,-4.425443624406298,1.5072417491889738,0.5836477804301425,3.9331656119649097,-0.026841398876509884,2.1024861700223605,0,1
-0.4152480256436278,-0.2678010028548856,0.19578449794807817,-0.07847895125907162,0.36244746041095477,-0.19694770954980495,-0.3729578700534541,0.5423346117636146,-0.12903701275189003,0.05210215124345326,1,0
-0.6532912866800027,0.21065963990966952,-0.0620419139021097,-0.2841542258746656,-0.03823321421969218,-0.4947901309594202,0.5397925899307237,-0.483662084642689,-0.8725759321777231,0.9158391571077231,1,0
-0.16211851893978238,0.3803145586004998,0.38993253737350037,-0.6205001252986988,-0.008352826052390856,-0.17878227077868392,-0.1612690944361993,0.06854372091405922,0.7186847954909933,-0.20975789874070158,0,1
2.33461015022241,-0.7753652118819778,-0.39478871615616984,4.826363013506206,-4.663503251334555,0.7561185496123095,1.2796077424123455,6.655106032888885,2.2766089860131955,-0.9571126601675694,0,1
1.0960683712200348,0.46921453063111634,0.7498300281789947,0.17667864877629605,-0.062010251076925205,0.85579254806424,-1.1472096486319352,0.79345249961676,-0.0456708289488332,0.6443420670730861,1,0
-0.15567012367436261,0.26568822594873276,0.41964182948248197,-0.7873667626256616,-0.0028858431253627774,-0.2531838974337789,-0.295908780704736,0.5864149393642563,0.8581914963962277,0.07552615289725685,1,0
3.440509938241906,-3.664882492736773,-4.951459585271624,-1.785940833049642,-0.9996122859800289,2.6012670949192027,-2.5649325146575204,-3.75487666560893,0.3569013923599685,-1.1057720722381654,0,1
1.067500480567419,-0.2445280828026248,0.5032265198736519,2.114484759670058,-0.8078050701645639,-0.13876522465463956,0.9312189695634941,0.7147998839219065,3.7978182719880444,-2.6458540707362763,0,1
0.9445310824826694,0.2585364963552083,0.5465070603081517,1.016998553477286,-1.055294519496055,-0.12685152779825495,-1.9286888672554359,3.302993882455439,0.549865789196126,1.6073544185291653,0,1
-0.6792123360201844,-0.4860777498239135,-0.20229544061108246,0.29831668141471546,-0.34859296721200567,-0.17869380273272062,-0.5278409291177703,0.3459143622932906,-0.12282677855917123,0.5096079473242394,1,0
-0.2884920698739514,-0.2588812067785176,0.23169232802465062,-0.21950817377411763,0.027891245945313514,0.9488019537202725,-2.045407118480213,1.8769992462578138,1.009075346342523,-0.3166875440855255,0,1
-0.20350821878294198,0.20301126242770595,0.2946334294136237,0.28577870827173757,0.1774233530419876,-0.5988875317095135,-0.5466453545742698,-0.6904355326866808,-0.7150347111768334,-0.23438076662088095,1,0
-0.3990595542738123,-0.6452732639842143,0.01599959055328503,0.7305157137360071,-0.6962815110367514,-0.13015433484754968,-0.5199594221003505,0.2492228827570722,-0.14091098052836828,-0.2608480440801,1,0
-0.9754838564898972,-0.3905326290459804,-0.4170925303056332,0.12626418085060473,0.027804468438535304,-0.44020534660009375,0.40237311902948697,-0.11741768509919236,0.11306275701705866,-0.05930018733054182,1,0
2.8757504831356044,-0.9268428178559335,-1.9494011528622126,0.6838692021370536,-2.268733322611536,0.3523798771846815,2.139182557540405,3.3814352083834827,1.6704404469303016,0.26148874870392996,0,1
1.8751244968911014,-0.3768450132405961,0.41819459374555557,0.9382522048787713,-0.858830244150159,0.004317095016593452,0.7552422506392783,0.6653580784884728,0.010270960659177514,0.8758154692425626,0,1
-0.7435613222618505,-0.33888124864830377,-0.20230636314494604,0.2429132817672109,0.1740101044420442,-0.5562164442065716,0.48354283030432493,-0.4512819278791261,-0.01571265920315783,-0.5558152460080167,1,0
-0.5833711868543753,-0.26477145073540653,0.0036571272874213506,-0.1475887843738734,-0.537059249016509,2.373225961774594,-0.6843591556130864,0.06030342000848693,-1.7364443493216752,-1.128965522694589,1,0
-0.7406820387945001,-0.27182385075124316,-0.18333938309081127,0.12703877814425463,0.2124814657803896,-0.5850570271905917,0.48920050961558487,-0.31233249498099847,0.12503608854062045,-0.13907090162400687,1,0
-0.9249966706286749,-0.09882152529233262,-0.26780060682453466,-0.5509570428501603,-0.5853364686207936,0.9135032033809347,-1.1794878537198743,0.27455124355336646,0.4015653966740019,0.4169263659774968,1,0
2.528586877567073,-0.03524066261434652,-0.8691898600872089,-1.6819609929529038,1.115531590067964,0.5509906403721823,0.05208755196067556,-1.5425935734504306,0.6587187741261008,2.1070971939699596,0,1
0.061400856481338896,-0.28850128684503146,0.40467795808935525,0.37186403800839335,0.008033659810896895,-0.13230705729932213,-0.4378413137155325,0.05840181210720104,-0.0077138775629360685,1.0252587553842507,0,1
-0.4947882314291781,-0.4864750681346648,0.06883734811843159,-0.017994718515930954,0.07668913059026744,-0.31912208102505607,0.008101548066776612,0.16605394829666462,0.010817461268136751,0.060401994349131724,1,0
-0.7369104773776326,-0.3531151771309712,-0.17825767421077315,0.1699173334164703,0.15399342621186748,-0.5466913845911948,0.3906980235721472,-0.2510584626062301,0.1683090003954848,-0.23783903458158032,0,1
-0.07798945512814259,-0.3301700446850802,0.4587171943794973,0.14933142568014635,0.09228015597475472,0.5721345033573996,-0.619312195207908,0.5685081316271471,-1.2825507526442457,-0.6368770470068095,0,1
-0.8413744806774333,-0.44795505790732054,-0.20323477852335173,-0.6919206215267615,-0.4932366080935065,0.5586578710223309,0.5452540491502634,-0.39579195287076907,0.4328152951317628,0.39276460049207734,1,0
-0.5989523093677965,-0.2495541594336295,-0.050464028006697755,0.2276576537126137,0.15311118822628886,-0.3231326324420568,0.15366415277439305,-0.5853716961406342,0.07500644188407797,-0.41333460602720334,1,0
-0.7406820387945001,-0.27182385075124316,-0.18333938309081127,0.12703877814425463,0.2124814657803896,-0.5850570271905917,0.48920050961558487,-0.31233249498099847,0.12503608854062045,-0.13907090162400687,1,0
1.9047421263078552,0.9405333767599161,0.6389390031288343,-1.617104880569332,2.034273980164601,-0.5138697395388283,-0.4862422696731313,0.6229680690223076,-0.9546503872686944,0.788621006393463,0,1
-0.10528266299573337,0.2305255554472375,0.4156551046222695,-0.20460702244712278,0.5261387640302756,-0.62336369109268,0.4620240269123655,0.5651539065790457,0.3476108820076612,0.7844710848406238,1,0
0.487144906679637,0.29300385981288873,0.80351428211857,-0.1899947040092858,0.8526680591189313,-0.6007748500233961,0.849689521453836,-0.123518677115818,0.009128277567717237,-0.35136244417147094,1,0
0.2367822114326984,0.4622614601929675,0.6416696365947334,0.024542488796371133,0.7643140943009041,-0.535898282983678,0.25955759560595043,0.27035185943802675,0.28724740565443474,0.14257044109534828,0,1
-0.12867684116795414,-0.09044804189324777,0.44424483701023243,-0.574654468528773,-0.8298465568862324,1.0050676309529005,-1.5016485409754867,-0.22076479228991153,0.7572876112329332,-0.9114174128468621,1,0
0.09244313136370855,0.8550106103706859,0.6883907751962661,-1.124907379909392,0.17677252174115096,-0.1711150401285354,-0.0363095993591823,-0.18886003750167007,-0.8723275228100145,-0.9844099219373561,0,1
-0.5545033708405772,-0.45224609566343527,0.05818787760142527,0.03470415498764335,0.09271404350864587,-0.36583320929365315,0.3631618040341079,-0.25428063155007574,-1.8118614333580523,-1.7275686515719086,1,0
-0.8558383812204505,-0.34594358162190914,-0.2986431118218644,0.14285894320947815,0.1337742671325416,-0.5701059274228021,0.3917118273793672,-0.16783670570412026,0.16363890428256034,-0.07995757461578597,1,0
-0.8623992484963137,-0.3996908161087992,-0.29119394372689184,0.07980147199929696,0.1743282886335643,-0.5757383930157959,0.402602042469827,-0.09626229719738656,0.16701727168339928,-0.07239549534172333,1,0
0.09071856053691026,0.19893874974250444,0.33608444542597127,0.5105694686424895,-0.7348541127996713,-0.7604596729870662,0.06611728851865518,0.560003718513063,-0.3933942618675427,1.1697682459020073,1,0
0.1407311145140615,-0.05912942604827188,0.5728576732540774,-0.04270305930659525,0.5107502194949374,-0.15586904687420164,0.052054848612055525,0.6684217801072112,0.43733634562406215,0.4619760699455403,1,0
0.2932431606752694,0.5452016575623139,0.405224084782535,0.704875230439425,-0.45728179445172973,1.1627471782080703,-0.14805694159371957,0.07580680664813738,-0.11517577003374171,0.7396058218304843,1,0
-0.12620245693819995,-0.4495244652347884,0.31200025825674155,0.7250541463773905,-0.27276388920563543,0.19301943705621005,-1.277270866093672,-0.30802746598225395,0.13392914390459365,-0.3435698137000285,1,0
-0.39516802271247176,-0.4017072065358624,-0.07479397218785826,0.8979600168412852,-0.6723453820837583,-0.15890644978560658,0.013988150818376455,-1.135068435716519,-0.24827350925209044,-0.8663677088788182,1,0
0.10721445540193768,1.5784279246712227,0.49735565792196895,-0.012270575803534672,0.3516291978992697,-0.004913071112239202,-0.3121296416202556,0.3870102219377473,-0.7499610682766839,1.4983959226473977,0,1
-0.7406820387945001,-0.27182385075124316,-0.18333938309081127,0.12703877814425463,0.2124814657803896,-0.5850570271905917,0.48920050961558487,-0.31233249498099847,0.12503608854062045,-0.13907090162400687,1,0
-0.5612891821373271,-0.18043070632066177,0.0862587896308675,-0.20896577331986502,0.17779938890469324,-0.2883941797271532,0.06314128379423528,-0.014730858429753054,-1.4575799931318316,-0.36819268158020774,0,1
-0.7364830837379477,-0.3487049438816311,-0.11305014704510392,-0.03344727808586288,0.14530121261624884,-0.03858990727558384,-0.1819376107640387,-0.028174169843010386,-0.07458567935013181,0.46963036969855493,1,0
-0.5176950308894775,0.26101973579740434,0.0471834247338521,-0.03865939885838881,-0.03855139841121235,-0.2444255608834169,0.011110256139816541,-0.364758768370617,-1.2280497373689458,0.5896092128150843,1,0
-0.590719358203342,-0.41974545784397405,-0.023976883387477044,0.383167906988607,-0.42647577954546056,-0.013582939616637877,-0.7258270016632455,-0.13878436276780767,-0.29432860602529287,0.3641762520169627,0,1
0.3599015721980392,-0.21973542021173997,0.5348472554087628,0.18660399714916653,0.10720588714060907,-0.1869508203559575,-0.046120603945182054,0.12979134206797632,-0.31042553305281995,-1.400047620573942,0,1
-0.973689553016624,-0.43003600209243426,-0.42499498355594506,0.1547667355033849,0.05665798944229431,-0.5484017668131509,0.3285616611941488,-0.12491847182093123,0.15176493650608197,-0.02965130334747941,1,0
-0.38584034397970174,-0.4766414399435687,0.10763964966885696,0.23238401008064724,0.49417571570029684,0.14884439277189287,-0.3913698553265136,0.19558169320829868,1.815312790178045,0.46967647993803086,0,1
-0.3534184124358933,1.0808860700328333,0.1366389770767049,0.3730718846357797,-0.05483664384992551,-1.0954881630499018,1.5163799864211398,0.2093683504926216,-0.6786178978707306,1.614409285168992,1,0
2.996620403692078,-2.352540112325035,-4.680853808801029,-4.364299519488842,1.9073763394192464,-1.0251560665091164,-3.152677096056146,-1.0488357996373732,-1.32468098140765,0.9886472252403135,0,1
-0.8437363928967441,-0.4384492173225943,-0.30697154389285647,0.2857393219686706,0.012719645176920891,-0.25333134417705094,-0.23475351878533746,-0.34014351053730496,-0.1372345218862788,-0.3448147901658802,1,0
2.764103267435487,-2.4479958364830487,-6.5614410767657025,-8.466908134618867,6.839289159652756,1.5415083723254066,-3.6926093817723324,-1.0302158889372819,1.7193770923689253,1.615654261634844,0,1
0.3062899138867002,1.1664088364220635,0.4982021542963976,0.16181688375236825,-0.5116189766126935,0.8286328579535216,-1.6571202603149628,2.9818334369049295,0.23090816105809003,1.2841677500419422,0,1
0.12985882017120257,0.0778162627099527,0.5897876007426517,0.1377649813461531,0.673732840142236,-0.1842083109310967,0.031288222238356034,0.18596800881846434,0.1925537546838589,-0.4534505143713159,0,1
0.9772229468515419,1.009964751563716,0.9580681362884559,-0.7881544886870003,1.0214792356381672,0.1384051633482291,0.18339149666997234,-0.7023734045114202,3.84963646609209,-2.584296901035828,1,0
0.7983924502465857,0.5537440012434681,0.8331143488889156,-0.7608466518939175,-0.05184281986607674,-0.005031028506856887,0.11491068465969399,0.3780304068483416,0.8530245815478856,-0.9542999355595336,1,0
-0.6184099671744994,4.610363954014842,-0.20302451974647748,-0.8784804103871976,-1.0729392792076269,-0.8745244735823524,1.2008253755867673,-1.5453931628606572,-3.8010739680961874,3.7153301264135856,0,1
0.14380534946618023,-0.40091256991435964,0.33985271960891195,0.48509965932586424,-0.6227520369600039,-0.011076344981012454,-0.579087076405309,1.5944520055917484,-0.9032793300265248,-0.16244879303833443,0,1
-0.5073326096606285,-0.0519280316659036,0.053409269036101936,-0.0031985973304480583,0.1920453629341181,-0.47612337326117404,0.1596488655718529,0.08446968708732877,0.13710878381126568,0.26988081228856037,1,0
-0.973689553016624,-0.43003600209243426,-0.42499498355594506,0.1547667355033849,0.05665798944229431,-0.5484017668131509,0.3285616611941488,-0.12491847182093123,0.15176493650608197,-0.02965130334747941,1,0
-0.12282829662489894,0.3974985755404961,0.4408861578471766,-0.9092017267794157,-0.29120410939600777,0.7308756671641282,-1.8226973143780187,0.5025064907200153,0.581910597630555,-0.49808522618407536,0,1
-0.4430286122231399,-0.2254965357176347,0.1855992351202748,-0.18010874193948223,0.4889546023758071,-0.518440588580263,0.5978410337312222,0.39464306476374217,0.2957430060300741,-0.008947805822759307,1,0
-0.7406820387945001,-0.27182385075124316,-0.18333938309081127,0.12703877814425463,0.2124814657803896,-0.5850570271905917,0.48920050961558487,-0.31233249498099847,0.12503608854062045,-0.13907090162400687,1,0
-0.737105428862401,-0.38981745608662793,-0.13489521477229627,-0.08287708843488056,0.17158033425225394,0.41952712407078985,0.4093062289369268,-0.1871433081463425,-0.05123519878550923,0.3982517189897203,1,0
-0.12995152395297901,0.34763512754120063,0.3255988129169189,-0.39889965547636935,-0.23936901201381608,-0.16719295675749787,-0.4110899745443732,0.15773441372853877,0.7544557444410533,-0.3179325205513772,1,0
1.0211620122647511,1.8102631589946405,0.9457256730225923,-1.0591322537875913,1.1335379227244455,0.05306298834234528,-0.4193966250938529,0.15892291866684247,0.03958326604881009,0.3434266442527666,1,0
0.9877203344929228,0.11973334449422109,0.8804635331876051,-0.36244106760406597,-0.4303807673504807,0.08989518481171256,-1.9073335806065765,-0.3741611629936418,-0.696404008598677,0.04241900095349507,0,1
-0.8558383812204505,-0.34594358162190914,-0.2986431118218644,0.14285894320947815,0.1337742671325416,-0.5701059274228021,0.3917118273793672,-0.16783670570412026,0.16363890428256034,-0.07995757461578597,1,0
-0.8506721668740851,-0.3685907253347366,-0.30010127009265447,0.18199579969033383,0.1036769351982947,-0.550878872100122,0.3698005838039678,-0.26550540041183285,0.1488337059671187,-0.16936532895973316,1,0
-0.09276077916637171,-0.3146348987347021,0.36691329725597144,0.2647332936662992,-0.27209859498700234,0.41628329571880374,-0.6876294904750864,0.24066564720128555,0.07783830867595776,-0.4653469561561216,1,0
-0.5955181639822591,0.42968135871135626,0.06632516532980445,-0.5326555406917193,-0.19535835315946076,0.22068044609405355,-0.8778321660490018,0.5965040257294121,0.5725207235311642,0.01041849475715711,1,0
-0.8558383812204505,-0.34594358162190914,-0.2986431118218644,0.14285894320947815,0.1337742671325416,-0.5701059274228021,0.3917118273793672,-0.16783670570412026,0.16363890428256034,-0.07995757461578597,1,0
-0.7438087606848258,-0.23836964898597873,-0.15701334584607857,0.08678597640983543,0.0947967036713232,-0.43592939104520323,0.10339910594545428,-0.0660742717644727,0.1812759693898816,0.20956861905396368,1,0
-0.8506721668740851,-0.3685907253347366,-0.30010127009265447,0.18199579969033383,0.1036769351982947,-0.550878872100122,0.3698005838039678,-0.26550540041183285,0.1488337059671187,-0.16936532895973316,1,0
-0.973689553016624,-0.43003600209243426,-0.42499498355594506,0.1547667355033849,0.05665798944229431,-0.5484017668131509,0.3285616611941488,-0.12491847182093123,0.15176493650608197,-0.02965130334747941,1,0
0.3483544457925201,0.506065803953305,0.42384700501996647,0.8814571558562346,-0.10591966950670585,-0.3654203584124913,0.43589405136498616,-0.799672342127216,-0.10320243851017992,1.0784238615000687,1,0
-0.7133813327928799,-0.3963632752562566,-0.19948834940813823,0.35080549463526606,0.022048227155579827,-0.4619979752557081,0.563535221028843,-0.39286030735628663,0.06507006717572796,-0.4376347022310507,1,0
3.1459082522205755,-1.888075007056696,-4.4391927470689625,-3.3801670935227413,2.0257408586647423,1.5513578147759821,-4.413064151870915,0.5693797019152367,-0.9834658739229096,1.3895296472445822,0,1
-0.7315193190103805,-0.26838704736324387,-0.1989558758822879,0.19091023295115267,0.14236524030358566,-0.607262506727368,0.4984228539264246,-0.19179168301615251,0.14908211533482754,-0.12362397139954977,1,0
-0.7406820387945001,-0.27182385075124316,-0.18333938309081127,0.12703877814425463,0.2124814657803896,-0.5850570271905917,0.48920050961558487,-0.31233249498099847,0.12503608854062045,-0.13907090162400687,1,0
