wmc,dit,noc,cbo,rfc,lcom,ca,ce,npm,lcom3,loc,dam,moa,mfa,cam,ic,cbm,amc,max_cc,avg_cc,defects
0.3529552166059559,0.3643949850651628,-0.15886109598249754,0.015135233266081972,1.0627113760908227,-0.06744379899916039,-0.5026324691128867,0.6550896605486828,0.5446106085940554,-0.3911927278431095,0.21131551037546942,-0.574923824995351,0.4623644868801184,0.273101351273167,-0.8476755950986851,3.062720500184651,2.41660641722202,0.42388760756755445,0.5504499443579868,0.5094580484956163,0.09710690574745726
-0.4269519681575554,1.4920497361451934,-0.15886109598249754,-0.29995280472780783,-0.6217005462294791,-0.13969092785336565,-0.14405665781428528,-0.258843086065363,-0.48045100265009827,1.082283627483,-0.22577676889128082,-0.9359274071648055,-0.412688963496304,1.423101835351158,0.307520114371615,1.2457179236502336,0.49172687098256745,-0.5445213950598639,-0.20518134165714602,-0.5062568002543831,-0.4730849254363304
1.1328624013694673,-0.7632597660148678,-0.15886109598249754,-0.29995280472780783,2.0147702887066457,0.20528911242546444,-0.323344563463586,-0.1282812651204993,1.114089281507474,-0.4988477204050314,0.27237274672537026,0.6393609476515044,2.2124713876329634,-0.9445462206765399,-0.9153370581076898,-0.5712846528841836,-0.4707129021371586,0.005392330609037004,-0.06779383510894005,-0.12464824968998939,-0.4730849254363304
0.6365578292472328,1.4920497361451934,-0.15886109598249754,-0.06363677623239047,1.4288878809430623,0.12401109246448352,-0.5026324691128867,0.5245278396038191,-0.13876379890204704,-0.30026365649901515,0.16285738628824656,0.026748809065711192,0.4623644868801184,0.5166308656631083,-0.5714479155923239,1.2457179236502336,1.4541666441022936,0.07335919569670517,0.06959367143926591,-0.08625520038317128,-0.4730849254363304
0.49475652292659433,0.3643949850651628,-0.15886109598249754,-0.6150408427216976,0.037417162504552036,0.04634542894621289,-0.41298851628823635,-0.5199667279550904,0.4307148740113717,-1.2680467554274455,-0.09493983385577907,1.2300940815198786,0.4623644868801184,0.5294482087820837,0.15734467340194988,1.2457179236502336,5.303925736581198,-0.4049041462046374,-0.13648758838304303,-0.11249855054226215,-0.4730849254363304
0.1402532571249983,0.3643949850651628,-0.15886109598249754,-0.29995280472780783,0.5866819197829114,-0.1324662149679451,-0.41298851628823635,0.0022805558243643785,0.20292340484600419,-0.7979806779992374,-0.0038385605718000986,-0.9359274071648055,0.4623644868801184,0.8325610471514905,-0.5935325404569033,-0.5712846528841836,-0.4707129021371586,0.04959455747688718,0.06959367143926591,0.3446541293895557,0.667298736931245
-0.07244870235595934,0.3643949850651628,-0.15886109598249754,0.2514512617614993,0.7331525217238072,-0.13066003674659,-0.14405665781428528,0.7856514814935465,0.08902767026332045,-0.8517025151778559,0.1231217245367238,1.2300940815198786,0.4623644868801184,1.0848663984278732,-0.8985764064752202,1.2457179236502336,1.4541666441022936,0.9184891380445076,0.06959367143926591,0.326240585347889,-0.4730849254363304
-0.4269519681575554,0.3643949850651628,-0.15886109598249754,-0.4574968237247527,-0.6217005462294791,-0.13969092785336565,-0.14405665781428528,-0.3894049070102267,-0.48045100265009827,1.082283627483,-0.22480760640953634,-0.9359274071648055,-0.412688963496304,1.4121910141767824,0.307520114371615,-0.5712846528841836,-0.4707129021371586,-0.5326390759856018,-0.20518134165714602,-0.5062568002543831,-0.4730849254363304
-0.3560513149972362,-0.7632597660148678,-0.15886109598249754,-0.5362688332232252,-0.21890639089201563,-0.14510946251743104,-0.41298851628823635,-0.3894049070102267,-0.3665552680674145,-1.2680467554274455,-0.12498387078985726,0.6885887093487076,0.4623644868801184,-0.9445462206765399,0.5327832780787448,-0.5712846528841836,-0.4707129021371586,0.29912325753733204,0.000899918165162931,0.12374559955243465,-0.4730849254363304
-0.4269519681575554,0.3643949850651628,-0.15886109598249754,-0.69381285222017,-0.6217005462294791,-0.13969092785336565,-0.5026324691128867,-0.5199667279550904,-0.7082424718154657,1.082283627483,-0.22965341881825863,-0.9359274071648055,-0.412688963496304,0.7949503099843855,0.908221887260803,1.2457179236502336,1.4541666441022936,-0.592050671249971,-0.20518134165714602,-0.32622525821650444,-0.4730849254363304
-0.07244870235595934,0.3643949850651628,-0.15886109598249754,0.5665392997553891,0.6599172207533592,-0.14510946251743104,-0.05441270498963494,1.1773369443281376,0.08902767026332045,-0.8315568265884236,-0.030005947578900443,1.2300940815198786,0.4623644868801184,1.0848663984278732,-0.8281816678167422,1.2457179236502336,0.49172687098256745,0.21891760394647475,-0.20518134165714602,-0.28124437203847413,1.2374905681150326
0.21115391028531752,-0.7632597660148678,-0.15886109598249754,0.8028553282508064,0.44021131784201556,-0.02590169990799237,0.035231247835015404,1.1773369443281376,0.20292340484600419,1.082283627483,0.08532438774868997,-0.9359274071648055,-0.412688963496304,-0.9445462206765399,-0.7641864529023363,-0.5712846528841836,-0.4707129021371586,0.266446880029641,0.20698117798747187,0.39373891394637384,-0.4730849254363304
0.28205456344563673,0.3643949850651628,0.20493081381742181,-0.4574968237247527,-0.1822887404067917,-0.04035112567883342,-0.41298851628823635,-0.258843086065363,0.6585063431767392,-0.7979806779992374,-0.14145963297951303,1.2300940815198786,0.4623644868801184,0.5978073696479906,-0.015934681216489947,-0.5712846528841836,-0.4707129021371586,-0.45494698990356236,0.000899918165162931,0.10295611434410133,-0.4730849254363304
-0.21425000867659774,1.4920497361451934,-0.15886109598249754,-0.69381285222017,-0.14567108992156774,-0.11801678919710407,-0.323344563463586,-0.7810903698448177,-0.3665552680674145,-0.15869081444552016,-0.062957471958212,-0.9359274071648055,-0.412688963496304,1.034131083741734,0.15734467340194988,1.2457179236502336,0.49172687098256745,0.32882905504475224,0.6878374509061927,0.8437097717153129,-0.4730849254363304
-0.3560513149972362,0.3643949850651628,-0.15886109598249754,-0.5362688332232252,-0.1822887404067917,-0.14510946251743104,-0.41298851628823635,-0.3894049070102267,-0.594346737232782,-0.9546693700052409,-0.1288605207168351,-0.21392024499191797,-0.412688963496304,0.4470510033651415,-0.0679184903051797,-0.5712846528841836,-0.4707129021371586,0.27238803967371295,0.1382874247133689,0.39373891394637384,0.09710690574745726
1.9836702392932977,-0.7632597660148678,-0.15886109598249754,0.4089952807584442,2.5274173954997807,-0.14510946251743104,-0.23370061063893563,0.9162133024384101,3.050316769413098,-1.0330137167133415,0.18320979840488016,1.2300940815198786,0.4623644868801184,-0.9445462206765399,-1.2943512694872714,1.2457179236502336,0.49172687098256745,-0.3145824643678316,0.5504499443579868,-0.07329552129226218,-0.4730849254363304
-0.0015480491956401216,-0.7632597660148678,0.20493081381742181,0.09390724276455442,1.0260937256055989,-0.14510946251743104,-0.41298851628823635,0.6550896605486828,-0.13876379890204704,-0.7308283822310637,0.06497197563205637,0.3017991568695762,0.4623644868801184,-0.9445462206765399,-0.3932986146587529,-0.5712846528841836,-0.4707129021371586,0.4892403622264669,-0.06779383510894005,0.213761370571374,0.667298736931245
-0.5687532744781938,-0.7632597660148678,-0.15886109598249754,-0.29995280472780783,-0.8047887986555989,-0.14510946251743104,0.12487520065966574,-0.7810903698448177,-0.7082424718154657,1.082283627483,-0.24031420611744767,-0.9359274071648055,-0.412688963496304,-0.9445462206765399,2.409976310473246,-0.5712846528841836,-0.4707129021371586,-0.6989915427044474,-0.20518134165714602,-0.14624771484150456,-0.4730849254363304
-0.28515066183691695,0.3643949850651628,-0.15886109598249754,0.015135233266081972,-0.1822887404067917,-0.12704768030387972,-0.14405665781428528,0.3939660186589554,-0.2526595334847308,1.082283627483,-0.11626140845415714,-0.9359274071648055,-0.412688963496304,1.269358455374264,-0.2931816540123093,1.2457179236502336,0.49172687098256745,0.18505299465255726,-0.20518134165714602,-0.3622423663566559,0.09710690574745726
-0.21425000867659774,0.3643949850651628,-0.15886109598249754,0.015135233266081972,0.037417162504552036,-0.11801678919710407,-0.14405665781428528,0.3939660186589554,-0.2526595334847308,1.082283627483,-0.04066673487808947,-0.9359274071648055,-0.412688963496304,1.204243611746126,-0.5935325404569033,3.062720500184651,1.4541666441022936,0.4951815218705387,-0.13648758838304303,-0.23626348586044385,-0.4730849254363304
10.208146005890326,-0.7632597660148678,-0.15886109598249754,4.505139774679011,8.313006172165165,14.47048470468829,3.8899212192949806,7.183180707791867,4.872648522736038,-0.6897417787584235,7.77369035542747,0.813551488208523,8.33784554026792,-0.9445462206765399,-1.439504396137874,-0.5712846528841836,-0.4707129021371586,1.186103426617816,0.5504499443579868,0.7325805235107675,5.799025217585333
0.21115391028531752,-0.7632597660148678,-0.15886109598249754,-0.6150408427216976,-0.14567108992156774,-0.06924997722051553,-0.41298851628823635,-0.5199667279550904,0.20292340484600419,-0.5843142803220324,-0.08718653400182343,0.14708333717753655,-0.412688963496304,-0.9445462206765399,-0.46838633739621727,-0.5712846528841836,-0.4707129021371586,-0.2741986365303431,0.06959367143926591,0.213761370571374,0.667298736931245
-0.0015480491956401216,2.619704487225224,-0.15886109598249754,-0.4574968237247527,-0.14567108992156774,-0.13066003674659,-0.41298851628823635,-0.258843086065363,0.08902767026332045,-0.6804641593472845,0.013606364099600133,1.2300940815198786,-0.412688963496304,0.8819251372480205,-0.5935325404569033,1.2457179236502336,1.4541666441022936,0.29912325753733204,0.4130624378097808,0.39373891394637384,-0.4730849254363304
-0.28515066183691695,0.3643949850651628,-0.15886109598249754,-0.1424087857308629,-0.5484652452590313,-0.12704768030387972,-0.5026324691128867,0.3939660186589554,-0.2526595334847308,1.082283627483,-0.21996179400081406,-0.9359274071648055,-0.412688963496304,0.7414273397352711,-0.11297112304660567,-0.5712846528841836,-0.4707129021371586,-0.5777918883893742,-0.20518134165714602,-0.2542450405990802,2.3778742304826075
-0.3560513149972362,2.619704487225224,2.023890362817019,2.141979489724838,-0.5850828957442552,-0.14510946251743104,2.8141937853991763,-0.650528548899954,-0.3665552680674145,-0.7979806779992374,-0.20736268173813613,1.2300940815198786,-0.412688963496304,1.3167992711308996,0.908221887260803,-0.5712846528841836,-0.4707129021371586,-0.4405511033561295,-0.20518134165714602,-0.5512376864324133,-0.4730849254363304
-0.3560513149972362,0.3643949850651628,-0.15886109598249754,-0.29995280472780783,-0.47522994428858334,-0.13427239318930026,-0.14405665781428528,-0.1282812651204993,-0.3665552680674145,1.082283627483,-0.21414681911034733,-0.9359274071648055,-0.412688963496304,1.3385429767291606,-0.3253621053268616,-0.5712846528841836,-0.4707129021371586,-0.4851097997954946,-0.20518134165714602,-0.41624102923544376,0.09710690574745726
5.670504203629897,-0.7632597660148678,-0.15886109598249754,-0.4574968237247527,3.6625645605417234,0.7435302223892936,-0.41298851628823635,-0.258843086065363,0.31681913942868795,-0.598453968496934,12.527432328384032,-0.10774272069701832,0.4623644868801184,-0.9445462206765399,-0.5679344499858777,-0.5712846528841836,-0.4707129021371586,4.528694802943455,14.083119339356275,6.59445937098046,4.658641555217758
-0.28515066183691695,-0.7632597660148678,-0.15886109598249754,-0.37872481422628024,-0.5118475947738073,-0.14510946251743104,-0.323344563463586,-0.258843086065363,-0.3665552680674145,-1.3855632740793984,-0.2054243567746472,1.2300940815198786,0.4623644868801184,-0.9445462206765399,-0.1430062130426441,-0.5712846528841836,-0.4707129021371586,-0.47798040836519623,-0.20518134165714602,-0.2542450405990802,0.667298736931245
-0.4269519681575554,1.4920497361451934,-0.15886109598249754,-0.1424087857308629,-0.3287593423476875,-0.13969092785336565,-0.14405665781428528,0.0022805558243643785,-0.48045100265009827,1.082283627483,-0.19476356947545817,-0.9359274071648055,-0.412688963496304,1.423101835351158,0.307520114371615,3.062720500184651,1.4541666441022936,-0.16428718543206555,-0.06779383510894005,-0.14624771484150456,-0.4730849254363304
-0.14334935551627853,0.3643949850651628,-0.15886109598249754,0.8028553282508064,0.7697701722090311,-0.14510946251743104,-0.05441270498963494,1.5690224071627286,-0.13876379890204704,-1.0330137167133415,0.17254901110569112,1.2300940815198786,0.4623644868801184,1.14284961660363,-0.3483481432673314,1.2457179236502336,1.4541666441022936,1.4194561966351515,-0.13648758838304303,-0.22341180409529238,1.2374905681150326
-0.14334935551627853,0.3643949850651628,0.20493081381742181,-0.22118079522933537,-0.3653769928329115,-0.14510946251743104,-0.41298851628823635,0.13284237676922805,-0.024868064319363295,-1.5030797927313515,-0.17247283239533567,1.2300940815198786,0.4623644868801184,0.4470510033651415,0.050076499349933114,-0.5712846528841836,-0.4707129021371586,-0.3781689283410183,-0.20518134165714602,-0.22341180409529238,0.667298736931245
0.7074584824075519,0.3643949850651628,-0.15886109598249754,-0.7725848617186425,0.2205054149306718,-0.034932591014768026,-0.41298851628823635,-0.7810903698448177,0.7724020777594229,-0.7370461873686687,0.09017020015741226,0.508086919346991,-0.412688963496304,0.18612652400953222,-0.718678739012326,1.2457179236502336,1.4541666441022936,-0.10987867186628963,-0.13648758838304303,-0.23151160352711056,-0.4730849254363304
-0.4978526213178746,-0.7632597660148678,-0.15886109598249754,-0.37872481422628024,-0.3653769928329115,-0.14330328429607592,-0.41298851628823635,-0.1282812651204993,-0.594346737232782,1.082283627483,-0.1899177570667359,-0.9359274071648055,-0.412688963496304,-0.9445462206765399,0.15734467340194988,-0.5712846528841836,-0.4707129021371586,0.21000586465860172,-0.20518134165714602,-0.41624102923544376,0.09710690574745726
-0.4269519681575554,0.3643949850651628,-0.15886109598249754,-0.4574968237247527,-0.6217005462294791,-0.13969092785336565,-0.14405665781428528,-0.3894049070102267,-0.48045100265009827,1.082283627483,-0.22480760640953634,-0.9359274071648055,-0.412688963496304,1.4121910141767824,0.307520114371615,-0.5712846528841836,-0.4707129021371586,-0.5326390759856018,-0.20518134165714602,-0.5062568002543831,-0.4730849254363304
-0.0015480491956401216,0.3643949850651628,-0.15886109598249754,-0.1424087857308629,1.1725643275464945,-0.14149710607472077,-0.5026324691128867,0.3939660186589554,-0.13876379890204704,-0.9154971980613886,0.22003797271116954,1.2300940815198786,-0.412688963496304,0.5166308656631083,-0.3932986146587529,3.062720500184651,1.4541666441022936,1.138807137264244,0.3443686845356778,0.9937180571925855,0.09710690574745726
-0.28515066183691695,-0.7632597660148678,-0.15886109598249754,-0.5362688332232252,-0.6583181967147032,-0.12704768030387972,-0.323344563463586,-0.5199667279550904,-0.2526595334847308,1.082283627483,-0.23643755619046983,-0.9359274071648055,-0.412688963496304,-0.9445462206765399,0.15734467340194988,-0.5712846528841836,-0.4707129021371586,-0.6989915427044474,-0.20518134165714602,-0.14624771484150456,-0.4730849254363304
2.409074158255213,0.3643949850651628,-0.15886109598249754,2.6146115467156728,1.0627113760908227,1.4750324020381218,-0.5026324691128867,4.963629751729185,3.8475869114918844,-1.7213247571508625,0.08823187519392334,1.2300940815198786,-0.412688963496304,0.28742661696876903,-1.7907126497052503,-0.5712846528841836,-0.4707129021371586,-0.45443683667508894,0.000899918165162931,-0.1085566481521106,0.09710690574745726
-0.5687532744781938,-0.7632597660148678,-0.15886109598249754,-0.22118079522933537,-0.8047887986555989,-0.14510946251743104,0.12487520065966574,-0.650528548899954,-0.7082424718154657,1.082283627483,-0.24031420611744767,-0.9359274071648055,-0.412688963496304,-0.9445462206765399,2.409976310473246,-0.5712846528841836,-0.4707129021371586,-0.6989915427044474,-0.20518134165714602,-0.14624771484150456,-0.4730849254363304
-0.3560513149972362,0.3643949850651628,-0.15886109598249754,-0.1424087857308629,-0.14567108992156774,-0.13427239318930026,-0.14405665781428528,0.13284237676922805,-0.3665552680674145,1.082283627483,-0.11238475852717932,-0.9359274071648055,-0.412688963496304,1.3385429767291606,-0.2180939312748451,1.2457179236502336,0.49172687098256745,0.45062282543117355,-0.20518134165714602,-0.41624102923544376,-0.4730849254363304
-0.28515066183691695,1.4920497361451934,0.5687227236173411,0.4089952807584442,-0.1822887404067917,-0.14510946251743104,0.8420268232568685,-0.650528548899954,-0.3665552680674145,-0.7979806779992374,0.13475167431765728,0.14708333717753655,0.4623644868801184,1.1660429048480503,-0.2931816540123093,1.2457179236502336,0.49172687098256745,1.9887890265180586,0.6878374509061927,1.9057014745524332,-0.4730849254363304
-0.28515066183691695,-0.7632597660148678,0.9325146334172605,-0.37872481422628024,-0.6217005462294791,-0.14510946251743104,-0.05441270498963494,-0.650528548899954,-0.3665552680674145,-0.8567389380303131,-0.2122084941468584,1.2300940815198786,0.4623644868801184,-0.9445462206765399,0.007169232432284452,-0.5712846528841836,-0.4707129021371586,-0.5350155398075837,-0.13648758838304303,-0.14624771484150456,-0.4730849254363304
-0.4269519681575554,0.3643949850651628,-0.15886109598249754,-0.4574968237247527,-0.2921416918624636,-0.14510946251743104,-0.41298851628823635,-0.258843086065363,-0.594346737232782,-1.3855632740793984,-0.1288605207168351,1.2300940815198786,0.4623644868801184,0.6789838760681677,0.6579294811394311,-0.5712846528841836,-0.4707129021371586,0.6199458719007611,-0.13648758838304303,-0.14624771484150456,-0.4730849254363304
0.06935260396467909,0.3643949850651628,-0.15886109598249754,-0.1424087857308629,0.843005473179479,-0.14510946251743104,-0.41298851628823635,0.26340419771409174,0.08902767026332045,-0.9546693700052409,0.04558872599716722,0.14708333717753655,0.4623644868801184,0.8819251372480205,-0.357542556641414,-0.5712846528841836,-0.4707129021371586,0.30625264896763044,0.3443686845356778,0.7177308912191009,1.2374905681150326
0.7783591355678712,0.3643949850651628,-0.15886109598249754,-0.22118079522933537,0.1472701139602239,0.06801956760247446,-0.05441270498963494,-0.3894049070102267,1.114089281507474,-1.0701241957680956,-0.11626140845415714,1.2300940815198786,0.4623644868801184,0.38906778762468025,-0.6686202586891042,1.2457179236502336,2.41660641722202,-0.5064979740863899,-0.20518134165714602,-0.1732470462808985,-0.4730849254363304
-0.21425000867659774,0.3643949850651628,-0.15886109598249754,0.015135233266081972,0.037417162504552036,-0.11801678919710407,-0.14405665781428528,0.3939660186589554,-0.2526595334847308,1.082283627483,-0.050358359695534045,-0.9359274071648055,-0.412688963496304,1.204243611746126,-0.5935325404569033,3.062720500184651,1.4541666441022936,0.4357699264992286,-0.13648758838304303,-0.23626348586044385,-0.4730849254363304
-0.0015480491956401216,-0.7632597660148678,-0.15886109598249754,-0.69381285222017,0.1472701139602239,-0.11259825453303868,-0.5026324691128867,-0.5199667279550904,-0.024868064319363295,-0.5746992921374675,-0.012561022907500214,-0.06951881169093183,-0.412688963496304,-0.9445462206765399,-0.2931816540123093,-0.5712846528841836,-0.4707129021371586,0.18030006715118152,0.06959367143926591,0.3337463994880406,0.667298736931245
1.3455643608504249,-0.7632597660148678,-0.15886109598249754,0.09390724276455442,1.3556525799726145,-0.14510946251743104,-0.23370061063893563,0.3939660186589554,2.3669423619169954,-1.7381128314454555,0.02814380132576699,1.2300940815198786,0.4623644868801184,-0.9445462206765399,-0.9689711451336982,-0.5712846528841836,-0.4707129021371586,-0.3819882451735857,-0.13648758838304303,-0.18480276013695907,0.667298736931245
-0.21425000867659774,-0.7632597660148678,-0.15886109598249754,-0.69381285222017,-0.10905343943634378,-0.13969092785336565,-0.5026324691128867,-0.5199667279550904,-0.2526595334847308,-0.3984245134544391,-0.13467549560730183,-0.3944220349936345,-0.412688963496304,-0.9445462206765399,0.007169232432284452,-0.5712846528841836,-0.4707129021371586,-0.10487559006075543,-0.06779383510894005,0.12374559955243465,-0.4730849254363304
-0.4269519681575554,-0.7632597660148678,0.20493081381742181,-0.37872481422628024,-0.5118475947738073,-0.14330328429607592,-0.41298851628823635,-0.1282812651204993,-0.7082424718154657,-1.0330137167133415,-0.19088691954848036,1.2300940815198786,1.337417937256541,-0.9445462206765399,0.007169232432284452,-0.5712846528841836,-0.4707129021371586,-0.14052254721224763,-0.20518134165714602,-0.32622525821650444,-0.4730849254363304
-0.28515066183691695,0.3643949850651628,-0.15886109598249754,0.015135233266081972,-0.4019946433181354,-0.12704768030387972,-0.05441270498963494,0.26340419771409174,-0.2526595334847308,1.082283627483,-0.18119529473103577,-0.9359274071648055,-0.412688963496304,1.269358455374264,-0.2931816540123093,1.2457179236502336,1.4541666441022936,-0.2926162311774372,-0.20518134165714602,-0.3622423663566559,-0.4730849254363304
-0.28515066183691695,-0.7632597660148678,-0.15886109598249754,-0.5362688332232252,0.11065246347499995,-0.14510946251743104,-0.5026324691128867,-0.258843086065363,-0.2526595334847308,-0.4454311206331806,-0.1240147083081128,-0.21392024499191797,-0.412688963496304,-0.9445462206765399,0.06723940791909794,-0.5712846528841836,-0.4707129021371586,0.10662968891927463,-0.13648758838304303,0.06974693667364676,0.667298736931245
-0.07244870235595934,3.747359238305255,-0.15886109598249754,2.772155565712618,-0.3287593423476875,-0.13427239318930026,3.3520575023470784,-0.3894049070102267,0.08902767026332045,-0.5965237878743196,-0.16471953254138,1.2300940815198786,-0.412688963496304,0.6789838760681677,-0.4058132358658742,1.2457179236502336,0.49172687098256745,-0.4093600158485739,-0.20518134165714602,-0.21374604343998935,-0.4730849254363304
-0.5687532744781938,-0.7632597660148678,-0.15886109598249754,-0.5362688332232252,-0.8047887986555989,-0.14510946251743104,-0.23370061063893563,-0.650528548899954,-0.7082424718154657,1.082283627483,-0.24031420611744767,-0.9359274071648055,-0.412688963496304,-0.9445462206765399,2.409976310473246,-0.5712846528841836,-0.4707129021371586,-0.6989915427044474,-0.20518134165714602,-0.14624771484150456,-0.4730849254363304
1.1328624013694673,-0.7632597660148678,0.5687227236173411,5.450403888660681,0.843005473179479,0.3931316474463981,6.310307945560539,-0.1282812651204993,1.5696722198382091,-1.5030797927313515,-0.049389197213789586,1.2300940815198786,0.4623644868801184,-0.9445462206765399,-1.1341641333540142,-0.5712846528841836,-0.4707129021371586,-0.4537404775021816,-0.06779383510894005,-0.12464824968998939,-0.4730849254363304
-0.21425000867659774,-0.7632597660148678,-0.15886109598249754,-0.29995280472780783,0.1472701139602239,-0.13607857141065538,-0.14405665781428528,-0.258843086065363,-0.48045100265009827,-0.2194378149908872,-0.09493983385577907,-0.2694592561338191,1.337417937256541,-0.9445462206765399,-0.5935325404569033,-0.5712846528841836,-0.4707129021371586,0.0852415146283793,0.06959367143926591,0.4837546849653132,1.2374905681150326
-0.3560513149972362,0.3643949850651628,-0.15886109598249754,-0.1424087857308629,-0.5484652452590313,-0.13427239318930026,-0.14405665781428528,0.13284237676922805,-0.3665552680674145,1.082283627483,-0.2189926315190696,-0.9359274071648055,-0.412688963496304,1.3385429767291606,-0.3253621053268616,-0.5712846528841836,-0.4707129021371586,-0.5296684962348598,-0.20518134165714602,-0.41624102923544376,0.667298736931245
1.0619617482091481,-0.7632597660148678,-0.15886109598249754,0.015135233266081972,1.8682996867657498,0.34978337013387495,0.4834510119582671,-0.7810903698448177,1.7974636890035767,-0.3892275686636112,0.46717440555600614,1.2300940815198786,-0.412688963496304,-0.9445462206765399,-1.336248041894636,-0.5712846528841836,-0.4707129021371586,0.3496231136207691,0.27567493126157483,0.7087131145183433,-0.4730849254363304
-0.3560513149972362,0.3643949850651628,-0.15886109598249754,-0.06363677623239047,-0.47522994428858334,-0.13427239318930026,-0.14405665781428528,0.26340419771409174,-0.3665552680674145,1.082283627483,-0.2054243567746472,-0.9359274071648055,-0.412688963496304,1.3385429767291606,-0.3253621053268616,1.2457179236502336,0.49172687098256745,-0.4049041462046374,-0.20518134165714602,-0.41624102923544376,-0.4730849254363304
-0.28515066183691695,0.3643949850651628,-0.15886109598249754,-0.06363677623239047,-0.43861229380335937,-0.12704768030387972,-0.14405665781428528,0.26340419771409174,-0.2526595334847308,1.082283627483,-0.2102701691833695,-0.9359274071648055,-0.412688963496304,1.269358455374264,-0.4219034637757821,1.2457179236502336,1.4541666441022936,-0.5064979740863899,-0.20518134165714602,-0.3622423663566559,-0.4730849254363304
-0.28515066183691695,-0.7632597660148678,-0.15886109598249754,-0.37872481422628024,-0.14567108992156774,-0.12704768030387972,-0.323344563463586,-0.258843086065363,-0.2526595334847308,1.082283627483,-0.0019002356083111839,-0.9359274071648055,-0.412688963496304,-0.9445462206765399,-0.7437079814265687,-0.5712846528841836,-0.4707129021371586,1.0263211834277712,0.5504499443579868,1.5817094972797063,-0.4730849254363304
-0.4269519681575554,-0.7632597660148678,-0.15886109598249754,-0.7725848617186425,-0.47522994428858334,-0.14330328429607592,-0.41298851628823635,-0.7810903698448177,-0.594346737232782,-1.0330137167133415,-0.15987372013265772,-0.9359274071648055,-0.412688963496304,-0.9445462206765399,0.15734467340194988,-0.5712846528841836,-0.4707129021371586,0.2515939814541658,0.4130624378097808,1.113703086109252,-0.4730849254363304
0.42385586976627515,-0.7632597660148678,-0.15886109598249754,0.5665392997553891,1.4655055314282863,-0.12885385852523484,-0.41298851628823635,1.438460586217865,0.08902767026332045,-0.8875170742370668,0.5631214912487075,1.2300940815198786,2.2124713876329634,-0.9445462206765399,-0.5935325404569033,-0.5712846528841836,-0.4707129021371586,1.2164382881169062,0.5504499443579868,1.2577175200069792,-0.4730849254363304
-0.3560513149972362,1.4920497361451934,-0.15886109598249754,-0.22118079522933537,-0.43861229380335937,-0.13427239318930026,-0.14405665781428528,-0.1282812651204993,-0.48045100265009827,1.082283627483,-0.1967018944389471,-0.9359274071648055,-0.412688963496304,1.3591113480085975,-0.0303746311890792,3.062720500184651,2.41660641722202,-0.3246984926137801,0.06959367143926591,0.12374559955243465,-0.4730849254363304
-0.0015480491956401216,0.3643949850651628,-0.15886109598249754,0.09390724276455442,0.2205054149306718,-0.08369940299135657,-0.323344563463586,0.5245278396038191,-0.024868064319363295,-0.6804641593472845,-0.048420034732045134,1.2300940815198786,-0.412688963496304,0.42530729776688037,-0.9063980436033552,-0.5712846528841836,-0.4707129021371586,0.04959455747688718,0.06959367143926591,0.09372234299182855,0.667298736931245
2.2672728519345746,-0.7632597660148678,-0.15886109598249754,2.929699584709563,0.6599172207533592,1.3359566789937767,3.3520575023470784,4.571944288894594,3.8475869114918844,1.082283627483,-0.20154770684766937,-0.9359274071648055,-0.412688963496304,-0.9445462206765399,-1.7809662694958728,-0.5712846528841836,-0.4707129021371586,-0.6989915427044474,-0.20518134165714602,-0.14624771484150456,0.09710690574745726
-0.14334935551627853,-0.7632597660148678,-0.15886109598249754,-0.7725848617186425,0.11065246347499995,-0.14330328429607592,-0.5026324691128867,-0.650528548899954,-0.13876379890204704,-1.7381128314454555,-0.09687815881926799,1.2300940815198786,-0.412688963496304,-0.9445462206765399,-0.0035575876760750107,-0.5712846528841836,-0.4707129021371586,0.019040022673759777,0.000899918165162931,-0.14624771484150456,-0.4730849254363304
-0.5687532744781938,3.747359238305255,-0.15886109598249754,-0.5362688332232252,-0.7681711481703749,-0.14510946251743104,-0.23370061063893563,-0.650528548899954,-0.7082424718154657,1.082283627483,-0.23643755619046983,-0.9359274071648055,-0.412688963496304,1.490748923222874,2.409976310473246,-0.5712846528841836,-0.4707129021371586,-0.5564037140984789,-0.273875094931249,-0.686234343629383,-0.4730849254363304
-0.3560513149972362,1.4920497361451934,-0.15886109598249754,-0.5362688332232252,-0.07243578895111982,-0.1378847496320105,-0.41298851628823635,-0.3894049070102267,-0.48045100265009827,-0.9546693700052409,-0.04163589735983393,-0.21392024499191797,-0.412688963496304,0.273101351273167,-0.0303746311890792,1.2457179236502336,0.49172687098256745,1.0477093577186665,1.1686937238249138,2.418688771900918,-0.4730849254363304
-0.21425000867659774,0.3643949850651628,-0.15886109598249754,-0.37872481422628024,-0.5118475947738073,-0.12162914563981433,-0.14405665781428528,-0.258843086065363,-0.2526595334847308,-0.6099542478740732,-0.21414681911034733,1.2300940815198786,-0.412688963496304,1.269358455374264,-0.2931816540123093,-0.5712846528841836,-0.4707129021371586,-0.574227192674225,-0.20518134165714602,-0.41624102923544376,-0.4730849254363304
-0.21425000867659774,-0.7632597660148678,-0.15886109598249754,-0.6150408427216976,-0.6217005462294791,-0.11801678919710407,-0.323344563463586,-0.650528548899954,-0.13876379890204704,1.082283627483,-0.23546839370872538,-0.9359274071648055,-0.412688963496304,-0.9445462206765399,2.034537705796451,-0.5712846528841836,-0.4707129021371586,-0.6989915427044474,-0.20518134165714602,-0.14624771484150456,-0.4730849254363304
-0.07244870235595934,0.3643949850651628,-0.15886109598249754,-0.1424087857308629,0.5866819197829114,-0.13066003674659,-0.5026324691128867,0.3939660186589554,-0.2526595334847308,-1.0330137167133415,0.037835426143211566,1.2300940815198786,-0.412688963496304,0.5935349219416652,-0.4058132358658742,1.2457179236502336,0.49172687098256745,0.5397402183099038,0.20698117798747187,0.5287355711433435,-0.4730849254363304
-0.3560513149972362,-0.7632597660148678,-0.15886109598249754,-0.8513568712171149,-0.4019946433181354,-0.13427239318930026,-0.5026324691128867,-0.7810903698448177,-0.3665552680674145,1.082283627483,-0.19282524451196925,-0.9359274071648055,-0.412688963496304,-0.9445462206765399,0.15734467340194988,-0.5712846528841836,-0.4707129021371586,-0.28905153546228796,-0.13648758838304303,-0.14624771484150456,-0.4730849254363304
-0.4269519681575554,0.3643949850651628,-0.15886109598249754,-0.69381285222017,-0.6217005462294791,-0.13969092785336565,-0.5026324691128867,-0.5199667279550904,-0.7082424718154657,1.082283627483,-0.22965341881825863,-0.9359274071648055,-0.412688963496304,0.7949503099843855,0.908221887260803,1.2457179236502336,1.4541666441022936,-0.592050671249971,-0.20518134165714602,-0.32622525821650444,-0.4730849254363304
-0.21425000867659774,-0.7632597660148678,-0.15886109598249754,-0.22118079522933537,0.25712306541589575,-0.14510946251743104,-0.5026324691128867,0.26340419771409174,-0.3665552680674145,-1.2680467554274455,-0.08330988407484559,1.2300940815198786,0.4623644868801184,-0.9445462206765399,-0.2180939312748451,-0.5712846528841836,-0.4707129021371586,0.21594702430267365,-0.13648758838304303,0.03372982853349528,-0.4730849254363304
1.6291669734917016,-0.7632597660148678,14.029023386214359,4.268823746183594,1.2091819780317186,0.6098730340090138,4.338140983418232,1.0467751233832738,2.708629565665047,-0.44922197602807595,0.15122743650731307,1.0495922915181621,5.712685189138654,-0.9445462206765399,-1.3068658906943926,1.2457179236502336,0.49172687098256745,-0.29684930733917686,0.000899918165162931,0.0393996881357681,0.09710690574745726
0.42385586976627515,0.3643949850651628,-0.15886109598249754,1.3542593947401136,2.1978585411327654,-0.09995500698355275,0.12487520065966574,2.2218315118870473,0.6585063431767392,-0.7012023681063945,0.9420640216107902,1.102681053665612,0.4623644868801184,0.7544969039370052,-0.9606280643289508,1.2457179236502336,1.4541666441022936,2.1266239276226515,0.9626124640026047,0.5017362397039496,6.369217048769121
-0.21425000867659774,2.619704487225224,-0.15886109598249754,-0.37872481422628024,-0.3287593423476875,-0.14510946251743104,-0.323344563463586,-0.258843086065363,-0.2526595334847308,-0.46893442492765036,-0.009653535462266842,1.2300940815198786,-0.412688963496304,0.8819251372480205,-0.4058132358658742,1.2457179236502336,2.41660641722202,0.6734163076279993,0.4130624378097808,0.9337255427342522,0.09710690574745726
-0.5687532744781938,-0.7632597660148678,-0.15886109598249754,-0.4574968237247527,-0.8047887986555989,-0.14510946251743104,-0.14405665781428528,-0.650528548899954,-0.7082424718154657,1.082283627483,-0.24031420611744767,-0.9359274071648055,-0.412688963496304,-0.9445462206765399,2.409976310473246,-0.5712846528841836,-0.4707129021371586,-0.6989915427044474,-0.20518134165714602,-0.14624771484150456,-0.4730849254363304
-0.3560513149972362,0.3643949850651628,-0.15886109598249754,-0.29995280472780783,-0.21890639089201563,-0.14510946251743104,-0.41298851628823635,0.0022805558243643785,-0.48045100265009827,-1.5030797927313515,-0.15018209531521315,1.2300940815198786,0.4623644868801184,0.6789838760681677,0.15734467340194988,-0.5712846528841836,-0.4707129021371586,0.0852415146283793,-0.20518134165714602,-0.41624102923544376,-0.4730849254363304
-0.28515066183691695,0.3643949850651628,-0.15886109598249754,-0.1424087857308629,-0.47522994428858334,-0.12704768030387972,-0.05441270498963494,0.0022805558243643785,-0.2526595334847308,1.082283627483,-0.1899177570667359,-0.9359274071648055,-0.412688963496304,1.269358455374264,-0.2931816540123093,1.2457179236502336,0.49172687098256745,-0.356780754050123,-0.20518134165714602,-0.3622423663566559,-0.4730849254363304
-0.14334935551627853,-0.7632597660148678,-0.15886109598249754,-0.6150408427216976,-0.5118475947738073,-0.1252415020825246,-0.23370061063893563,-0.7810903698448177,-0.024868064319363295,-0.8763250247073382,-0.19960938188418045,1.2300940815198786,-0.412688963496304,-0.9445462206765399,0.2646128474539666,-0.5712846528841836,-0.4707129021371586,-0.530941601857598,-0.20518134165714602,-0.22341180409529238,-0.4730849254363304
-0.28515066183691695,-0.7632597660148678,0.20493081381742181,-0.6150408427216976,-0.6217005462294791,-0.12704768030387972,-0.41298851628823635,-0.5199667279550904,-0.2526595334847308,1.082283627483,-0.22868425633651418,-0.9359274071648055,-0.412688963496304,-0.9445462206765399,0.06723940791909794,-0.5712846528841836,-0.4707129021371586,-0.6419564112620599,-0.20518134165714602,-0.2542450405990802,0.667298736931245
-0.28515066183691695,0.3643949850651628,-0.15886109598249754,0.2514512617614993,0.2937407159011197,-0.12704768030387972,-0.5026324691128867,1.0467751233832738,-0.2526595334847308,1.082283627483,-0.009653535462266842,-0.9359274071648055,-0.412688963496304,0.7414273397352711,-0.11297112304660567,-0.5712846528841836,-0.4707129021371586,0.9692860519853838,-0.20518134165714602,-0.2542450405990802,1.8076823992988202
-0.4978526213178746,0.3643949850651628,-0.15886109598249754,-0.69381285222017,-0.6949358471999271,-0.14330328429607592,-0.5026324691128867,-0.5199667279550904,-0.594346737232782,1.082283627483,-0.23159174378174754,-0.9359274071648055,-0.412688963496304,1.220160574171305,0.908221887260803,-0.5712846528841836,-0.4707129021371586,-0.5564037140984789,-0.20518134165714602,-0.41624102923544376,-0.4730849254363304
0.49475652292659433,-0.7632597660148678,-0.15886109598249754,0.015135233266081972,1.0627113760908227,0.05718249827434367,0.4834510119582671,-0.7810903698448177,0.5446106085940554,-0.572348961284961,0.5863813908105744,0.21928405274501878,-0.412688963496304,-0.9445462206765399,-1.0740939533619376,-0.5712846528841836,-0.4707129021371586,1.1345988157754285,0.9626124640026047,1.7774546502153121,-0.4730849254363304
-0.07244870235595934,0.3643949850651628,-0.15886109598249754,-0.29995280472780783,0.6599172207533592,-0.14149710607472077,-0.5026324691128867,0.13284237676922805,-0.13876379890204704,-0.8919938937669187,0.1706106861422022,0.7968897837829418,-0.412688963496304,0.5935349219416652,-0.6310763995730038,1.2457179236502336,1.4541666441022936,1.1368267505973968,0.1382874247133689,0.326240585347889,-0.4730849254363304
2.1963721987742555,-0.7632597660148678,-0.15886109598249754,0.6453113092538615,2.0147702887066457,-0.14510946251743104,-0.23370061063893563,1.3078987652730012,3.6197954423265166,-1.7019539019786092,-0.03969757239634502,1.2300940815198786,0.4623644868801184,-0.9445462206765399,-1.6216567226063126,-0.5712846528841836,-0.4707129021371586,-0.5501654965969678,-0.20518134165714602,-0.1732470462808985,0.09710690574745726
-0.4269519681575554,-0.7632597660148678,-0.15886109598249754,-0.69381285222017,-0.731553497685151,-0.13969092785336565,-0.41298851628823635,-0.5199667279550904,-0.48045100265009827,1.082283627483,-0.23837588115395875,-0.9359274071648055,-0.412688963496304,-0.9445462206765399,0.4076370795233218,-0.5712846528841836,-0.4707129021371586,-0.6989915427044474,-0.20518134165714602,-0.14624771484150456,-0.4730849254363304
-0.5687532744781938,-0.7632597660148678,-0.15886109598249754,-0.69381285222017,-0.8047887986555989,-0.14510946251743104,-0.323344563463586,-0.7810903698448177,-0.7082424718154657,1.082283627483,-0.24031420611744767,-0.9359274071648055,-0.412688963496304,-0.9445462206765399,2.409976310473246,-0.5712846528841836,-0.4707129021371586,-0.6989915427044474,-0.20518134165714602,-0.14624771484150456,-0.4730849254363304
-0.28515066183691695,0.3643949850651628,-0.15886109598249754,-0.37872481422628024,-0.43861229380335937,-0.13066003674659,-0.14405665781428528,-0.258843086065363,-0.2526595334847308,-0.5041893806642561,-0.2054243567746472,0.14708333717753655,-0.412688963496304,1.269358455374264,-0.2931816540123093,-0.5712846528841836,-0.4707129021371586,-0.4851097997954946,-0.20518134165714602,-0.3622423663566559,0.09710690574745726
-0.4269519681575554,-0.7632597660148678,-0.15886109598249754,-0.37872481422628024,-0.731553497685151,-0.13969092785336565,0.035231247835015404,-0.7810903698448177,-0.48045100265009827,1.082283627483,-0.23837588115395875,-0.9359274071648055,-0.412688963496304,-0.9445462206765399,0.908221887260803,-0.5712846528841836,-0.4707129021371586,-0.6989915427044474,-0.20518134165714602,-0.14624771484150456,-0.4730849254363304
-0.28515066183691695,-0.7632597660148678,-0.15886109598249754,0.33022327125997175,-0.6583181967147032,-0.12704768030387972,0.4834510119582671,-0.258843086065363,-0.2526595334847308,1.082283627483,-0.23643755619046983,-0.9359274071648055,-0.412688963496304,-0.9445462206765399,0.9682920627476167,-0.5712846528841836,-0.4707129021371586,-0.6989915427044474,-0.20518134165714602,-0.14624771484150456,0.667298736931245
-0.3560513149972362,-0.7632597660148678,-0.15886109598249754,-0.1424087857308629,-0.3287593423476875,-0.13427239318930026,0.3041631063089664,-0.7810903698448177,-0.48045100265009827,1.082283627483,-0.17731864480405796,-0.9359274071648055,-0.412688963496304,-0.9445462206765399,-0.2180939312748451,-0.5712846528841836,-0.4707129021371586,-0.1464637068563195,0.06959367143926591,0.25874225674940426,0.667298736931245
-0.4978526213178746,0.3643949850651628,-0.15886109598249754,-0.69381285222017,-0.6583181967147032,-0.14330328429607592,-0.41298851628823635,-0.650528548899954,-0.7082424718154657,1.082283627483,-0.2306225813000031,-0.9359274071648055,-0.412688963496304,1.3474962687021477,1.659099096614393,1.2457179236502336,1.4541666441022936,-0.5385802355227328,-0.20518134165714602,-0.41624102923544376,-0.4730849254363304
-0.4269519681575554,-0.7632597660148678,-0.15886109598249754,-0.37872481422628024,-0.731553497685151,-0.13969092785336565,0.035231247835015404,-0.7810903698448177,-0.48045100265009827,1.082283627483,-0.23837588115395875,-0.9359274071648055,-0.412688963496304,-0.9445462206765399,0.908221887260803,-0.5712846528841836,-0.4707129021371586,-0.6989915427044474,-0.20518134165714602,-0.14624771484150456,-0.4730849254363304
0.21115391028531752,-0.7632597660148678,-0.15886109598249754,-0.5362688332232252,-0.4019946433181354,-0.02590169990799237,-0.14405665781428528,-0.7810903698448177,0.5446106085940554,1.082283627483,-0.22965341881825863,-0.9359274071648055,-0.412688963496304,-0.9445462206765399,0.5327832780787448,-0.5712846528841836,-0.4707129021371586,-0.6989915427044474,-0.20518134165714602,-0.14624771484150456,-0.4730849254363304
-0.4269519681575554,-0.7632597660148678,-0.15886109598249754,1.1179433662446963,-0.6949358471999271,-0.13969092785336565,1.738466351503372,-0.7810903698448177,-0.48045100265009827,0.289047123409372,-0.2189926315190696,-0.9359274071648055,1.337417937256541,-0.9445462206765399,0.15734467340194988,-0.5712846528841836,-0.4707129021371586,-0.5564037140984789,-0.13648758838304303,-0.14624771484150456,-0.4730849254363304
-0.4269519681575554,0.3643949850651628,-0.15886109598249754,-0.69381285222017,-0.6217005462294791,-0.13969092785336565,-0.5026324691128867,-0.5199667279550904,-0.7082424718154657,1.082283627483,-0.22965341881825863,-0.9359274071648055,-0.412688963496304,0.7949503099843855,0.908221887260803,1.2457179236502336,1.4541666441022936,-0.592050671249971,-0.20518134165714602,-0.32622525821650444,-0.4730849254363304
-0.28515066183691695,0.3643949850651628,-0.15886109598249754,-0.1424087857308629,-0.47522994428858334,-0.12704768030387972,-0.05441270498963494,0.0022805558243643785,-0.2526595334847308,1.082283627483,-0.1899177570667359,-0.9359274071648055,-0.412688963496304,1.269358455374264,-0.2931816540123093,1.2457179236502336,0.49172687098256745,-0.356780754050123,-0.20518134165714602,-0.3622423663566559,-0.4730849254363304
0.21115391028531752,-0.7632597660148678,-0.15886109598249754,-0.69381285222017,0.07403481298977599,-0.14510946251743104,-0.41298851628823635,-0.650528548899954,0.5446106085940554,-1.1227536045556825,0.00391473928215556,1.2300940815198786,-0.412688963496304,-0.9445462206765399,-0.3119535858229912,-0.5712846528841836,-0.4707129021371586,0.002065281393720926,-0.06779383510894005,0.03372982853349528,-0.4730849254363304
-0.3560513149972362,-0.7632597660148678,-0.15886109598249754,-0.22118079522933537,-0.6949358471999271,-0.13427239318930026,0.2145191534843161,-0.7810903698448177,-0.3665552680674145,1.082283627483,-0.2374067186722143,-0.9359274071648055,-0.412688963496304,-0.9445462206765399,2.409976310473246,-0.5712846528841836,-0.4707129021371586,-0.6989915427044474,-0.20518134165714602,-0.14624771484150456,-0.4730849254363304
-0.21425000867659774,-0.7632597660148678,-0.15886109598249754,-0.4574968237247527,0.4035936673567916,-0.14510946251743104,-0.41298851628823635,-0.258843086065363,-0.13876379890204704,-1.1740335396597643,-0.03679008495111165,1.2300940815198786,0.4623644868801184,-0.9445462206765399,0.15734467340194988,-0.5712846528841836,-0.4707129021371586,0.4951815218705387,-0.13648758838304303,-0.05623194382256518,-0.4730849254363304
0.3529552166059559,-0.7632597660148678,-0.15886109598249754,-0.29995280472780783,0.3669760168715676,-0.06021908611373986,-0.41298851628823635,0.0022805558243643785,0.20292340484600419,-0.721142954644937,0.09210852512090117,1.2300940815198786,-0.412688963496304,-0.9445462206765399,-0.3624933949586327,-0.5712846528841836,-0.4707129021371586,0.12088847177987141,0.3443686845356778,0.7022872736357676,0.09710690574745726
-0.28515066183691695,3.747359238305255,-0.15886109598249754,1.3542593947401136,-0.5850828957442552,-0.14510946251743104,1.738466351503372,-0.3894049070102267,-0.2526595334847308,-0.7686015486887988,-0.19767105692069156,1.2300940815198786,-0.412688963496304,1.0609909572253997,0.15734467340194988,-0.5712846528841836,-0.4707129021371586,-0.4423334512137041,-0.20518134165714602,-0.3622423663566559,-0.4730849254363304
-0.4269519681575554,0.3643949850651628,0.20493081381742181,0.4089952807584442,-0.3653769928329115,-0.13969092785336565,0.4834510119582671,-0.1282812651204993,-0.48045100265009827,1.082283627483,-0.16956534495010228,-0.9359274071648055,-0.412688963496304,0.6789838760681677,-0.0929477327194223,-0.5712846528841836,-0.4707129021371586,0.14465310999968942,-0.20518134165714602,-0.5062568002543831,-0.4730849254363304
0.06935260396467909,-0.7632597660148678,3.1152660922167765,1.1967153757431686,-0.43861229380335937,-0.08911793765542196,1.20060263455547,0.26340419771409174,0.31681913942868795,-0.6412919859932341,-0.18894859458499144,1.2300940815198786,0.4623644868801184,-0.9445462206765399,-0.8724297911900412,-0.5712846528841836,-0.4707129021371586,-0.5564037140984789,-0.20518134165714602,-0.20024637772029238,1.2374905681150326
-0.4978526213178746,0.3643949850651628,-0.15886109598249754,-0.69381285222017,-0.731553497685151,-0.14330328429607592,-0.5026324691128867,-0.5199667279550904,-0.594346737232782,1.082283627483,-0.23546839370872538,-0.9359274071648055,-0.412688963496304,1.0036898944429913,0.908221887260803,-0.5712846528841836,-0.4707129021371586,-0.6276976284014631,-0.20518134165714602,-0.41624102923544376,-0.4730849254363304
-0.28515066183691695,0.3643949850651628,-0.15886109598249754,-0.4574968237247527,-0.47522994428858334,-0.13066003674659,-0.5026324691128867,-0.1282812651204993,-0.2526595334847308,-0.6804641593472845,-0.21123933166511394,-0.9359274071648055,-0.412688963496304,0.7414273397352711,-0.11297112304660567,-0.5712846528841836,-0.4707129021371586,-0.5207567569469868,-0.20518134165714602,-0.2542450405990802,0.667298736931245
-0.3560513149972362,0.3643949850651628,-0.15886109598249754,-0.5362688332232252,-0.1822887404067917,-0.14510946251743104,-0.41298851628823635,-0.3894049070102267,-0.594346737232782,-0.9546693700052409,-0.1172305709359016,-0.21392024499191797,-0.412688963496304,0.4470510033651415,-0.0679184903051797,-0.5712846528841836,-0.4707129021371586,0.3793289111281893,0.20698117798747187,0.5287355711433435,0.09710690574745726
-0.21425000867659774,0.3643949850651628,-0.15886109598249754,0.2514512617614993,0.5500642692976874,-0.14330328429607592,-0.41298851628823635,0.9162133024384101,-0.2526595334847308,-0.8919938937669187,0.04655788847891168,1.2300940815198786,0.4623644868801184,0.6210006578924111,-0.46838633739621727,-0.5712846528841836,-0.4707129021371586,1.0001800816355002,0.06959367143926591,0.213761370571374,2.9480660616663954
-0.5687532744781938,-0.7632597660148678,-0.15886109598249754,-0.37872481422628024,-0.8047887986555989,-0.14510946251743104,-0.323344563463586,-0.258843086065363,-0.7082424718154657,1.082283627483,-0.24031420611744767,-0.9359274071648055,-0.412688963496304,-0.9445462206765399,2.409976310473246,-0.5712846528841836,-0.4707129021371586,-0.6989915427044474,-0.20518134165714602,-0.14624771484150456,-0.4730849254363304
-0.4269519681575554,1.4920497361451934,-0.15886109598249754,-0.29995280472780783,-0.6217005462294791,-0.13969092785336565,-0.14405665781428528,-0.258843086065363,-0.48045100265009827,1.082283627483,-0.22577676889128082,-0.9359274071648055,-0.412688963496304,1.423101835351158,0.307520114371615,1.2457179236502336,0.49172687098256745,-0.5445213950598639,-0.20518134165714602,-0.5062568002543831,-0.4730849254363304
-0.21425000867659774,-0.7632597660148678,0.20493081381742181,0.8028553282508064,-0.5484652452590313,-0.12885385852523484,1.3798905402047705,-0.650528548899954,-0.2526595334847308,-0.8919938937669187,-0.20154770684766937,1.2300940815198786,-0.412688963496304,-0.9445462206765399,-0.0929477327194223,-0.5712846528841836,-0.4707129021371586,-0.5088744379083717,-0.20518134165714602,-0.32622525821650444,-0.4730849254363304
0.7783591355678712,-0.7632597660148678,0.20493081381742181,-0.29995280472780783,0.2937407159011197,0.05357014183163341,-0.323344563463586,-0.1282812651204993,1.3418807506728416,-0.4949117612531172,-0.08621737152007897,1.2300940815198786,1.337417937256541,-0.9445462206765399,-1.2787079952310016,-0.5712846528841836,-0.4707129021371586,-0.4637216255045994,-0.13648758838304303,-0.11924838340211061,0.09710690574745726
2.479974811415532,-0.7632597660148678,0.20493081381742181,2.6146115467156728,2.307711492588437,1.5635351348845232,-0.41298851628823635,4.8330679307843205,4.189274115239935,-0.3279146019812276,0.09210852512090117,1.2300940815198786,0.4623644868801184,-0.9445462206765399,-1.8040376191017018,-0.5712846528841836,-0.4707129021371586,-0.4575644238050742,-0.20518134165714602,-0.1585054113149894,0.09710690574745726
-0.5687532744781938,-0.7632597660148678,-0.15886109598249754,-0.37872481422628024,-0.8047887986555989,-0.14510946251743104,-0.05441270498963494,-0.650528548899954,-0.7082424718154657,1.082283627483,-0.24031420611744767,-0.9359274071648055,-0.412688963496304,-0.9445462206765399,2.409976310473246,-0.5712846528841836,-0.4707129021371586,-0.6989915427044474,-0.20518134165714602,-0.14624771484150456,-0.4730849254363304
-0.4978526213178746,0.3643949850651628,-0.15886109598249754,0.015135233266081972,-0.2555240413772396,-0.14330328429607592,0.035231247835015404,0.0022805558243643785,-0.594346737232782,1.082283627483,-0.15696623268742435,-0.9359274071648055,-0.412688963496304,1.3625754944684154,2.409976310473246,1.2457179236502336,0.49172687098256745,0.8160041362339678,-0.20518134165714602,-0.41624102923544376,-0.4730849254363304
-0.3560513149972362,1.4920497361451934,-0.15886109598249754,-0.7725848617186425,-0.5484652452590313,-0.14510946251743104,-0.41298851628823635,-0.7810903698448177,-0.3665552680674145,-1.7381128314454555,-0.21123933166511394,1.2300940815198786,-0.412688963496304,1.293292560401459,0.908221887260803,3.062720500184651,8.191245055940378,-0.46728632121974856,-0.20518134165714602,-0.28124437203847413,-0.4730849254363304
-0.28515066183691695,0.3643949850651628,-0.15886109598249754,-0.4574968237247527,-0.47522994428858334,-0.12704768030387972,-0.41298851628823635,-0.258843086065363,-0.2526595334847308,1.082283627483,-0.2102701691833695,-0.9359274071648055,-0.412688963496304,1.154846145929649,0.908221887260803,-0.5712846528841836,-0.4707129021371586,-0.5064979740863899,-0.20518134165714602,-0.2542450405990802,-0.4730849254363304
0.6365578292472328,-0.7632597660148678,-0.15886109598249754,-0.6150408427216976,0.4768289683272395,0.09511224092280143,-0.323344563463586,-0.3894049070102267,1.227985016090158,-0.6597259505881747,0.04752705096065614,-0.9359274071648055,0.4623644868801184,-0.9445462206765399,-0.5935325404569033,-0.5712846528841836,-0.4707129021371586,-0.1464637068563195,0.000899918165162931,0.06375308509410137,-0.4730849254363304
-0.28515066183691695,-0.7632597660148678,-0.15886109598249754,-0.69381285222017,-0.6217005462294791,-0.14510946251743104,-0.323344563463586,-0.7810903698448177,-0.3665552680674145,-1.1505302353652944,-0.14145963297951303,1.2300940815198786,-0.412688963496304,-0.9445462206765399,0.007169232432284452,-0.5712846528841836,-0.4707129021371586,-0.021699356826097065,-0.06779383510894005,0.06974693667364676,-0.4730849254363304
-0.4269519681575554,-0.7632597660148678,-0.15886109598249754,-0.6150408427216976,-0.43861229380335937,-0.13969092785336565,-0.41298851628823635,-0.5199667279550904,-0.594346737232782,1.082283627483,-0.20154770684766937,-0.9359274071648055,-0.412688963496304,-0.9445462206765399,0.908221887260803,-0.5712846528841836,-0.4707129021371586,-0.247463418666724,-0.13648758838304303,-0.14624771484150456,-0.4730849254363304
-0.3560513149972362,-0.7632597660148678,-0.15886109598249754,-0.7725848617186425,-0.5850828957442552,-0.14510946251743104,-0.41298851628823635,-0.7810903698448177,-0.3665552680674145,-1.2680467554274455,-0.2189926315190696,1.2300940815198786,-0.412688963496304,-0.9445462206765399,0.720502582669774,-0.5712846528841836,-0.4707129021371586,-0.5385802355227328,-0.20518134165714602,-0.28124437203847413,-0.4730849254363304
0.28205456344563673,-0.7632597660148678,2.023890362817019,0.4877672902569166,0.3669760168715676,-0.05841290789238473,0.5730949647829174,0.0022805558243643785,0.5446106085940554,-0.5433615540183065,0.005853064245644474,0.8690904993504242,1.337417937256541,-0.9445462206765399,-1.006102434765469,-0.5712846528841836,-0.4707129021371586,-0.05186216686061717,0.20698117798747187,0.10295611434410133,0.09710690574745726
0.06935260396467909,-0.7632597660148678,0.20493081381742181,0.09390724276455442,0.843005473179479,-0.14510946251743104,-0.41298851628823635,0.6550896605486828,-0.024868064319363295,-0.5890624219912332,0.10470763738357912,0.14708333717753655,0.4623644868801184,-0.9445462206765399,-0.1930646933658659,-0.5712846528841836,-0.4707129021371586,0.516569696161434,-0.13648758838304303,-0.09224905196271667,0.667298736931245
0.9201604418885097,1.4920497361451934,-0.15886109598249754,0.09390724276455442,2.2344761916179894,0.1745840826624272,-0.5026324691128867,0.7856514814935465,1.4557764852555255,-0.4286430463385875,0.30629343358642624,1.2300940815198786,-0.412688963496304,0.6090041285663919,-0.7027510429802961,1.2457179236502336,0.49172687098256745,0.161396377763465,0.06959367143926591,-0.07259353867483789,-0.4730849254363304
-0.4269519681575554,0.3643949850651628,-0.15886109598249754,-0.5362688332232252,-0.5850828957442552,-0.13969092785336565,-0.5026324691128867,-0.258843086065363,-0.48045100265009827,1.082283627483,-0.2238384439277919,-0.9359274071648055,-0.412688963496304,0.7949503099843855,0.15734467340194988,-0.5712846528841836,-0.4707129021371586,-0.5207567569469868,-0.20518134165714602,-0.32622525821650444,-0.4730849254363304
-0.4978526213178746,-0.7632597660148678,-0.15886109598249754,-0.5362688332232252,-0.7681711481703749,-0.14330328429607592,-0.323344563463586,-0.5199667279550904,-0.594346737232782,1.082283627483,-0.23934504363570322,-0.9359274071648055,-0.412688963496304,-0.9445462206765399,0.908221887260803,-0.5712846528841836,-0.4707129021371586,-0.6989915427044474,-0.20518134165714602,-0.14624771484150456,-0.4730849254363304
-0.28515066183691695,0.3643949850651628,-0.15886109598249754,0.015135233266081972,-0.1822887404067917,-0.12704768030387972,-0.14405665781428528,0.3939660186589554,-0.2526595334847308,1.082283627483,-0.11529224597241268,-0.9359274071648055,-0.412688963496304,1.269358455374264,-0.2931816540123093,1.2457179236502336,0.49172687098256745,0.19218238608285565,-0.20518134165714602,-0.3622423663566559,0.09710690574745726
-0.4978526213178746,-0.7632597660148678,-0.15886109598249754,-0.7725848617186425,-0.47522994428858334,-0.14330328429607592,-0.5026324691128867,-0.650528548899954,-0.594346737232782,1.082283627483,-0.20057854436592493,-0.9359274071648055,-0.412688963496304,-0.9445462206765399,1.283660491937598,-0.5712846528841836,-0.4707129021371586,0.013947600325395057,0.000899918165162931,0.39373891394637384,-0.4730849254363304
-0.21425000867659774,-0.7632597660148678,0.20493081381742181,-0.4574968237247527,-0.21890639089201563,-0.13969092785336565,-0.23370061063893563,-0.5199667279550904,-0.2526595334847308,-1.1740335396597643,-0.1240147083081128,1.2300940815198786,-0.412688963496304,-0.9445462206765399,-0.3432401343355311,-0.5712846528841836,-0.4707129021371586,-0.027640516470168994,0.06959367143926591,0.30372314292743446,0.667298736931245
-0.21425000867659774,0.3643949850651628,-0.15886109598249754,0.5665392997553891,0.916240774149927,-0.12162914563981433,-0.5026324691128867,1.5690224071627286,-0.2526595334847308,-0.6099542478740732,0.07369443796775649,1.2300940815198786,0.4623644868801184,0.6210006578924111,-0.48626436640488674,-0.5712846528841836,-0.4707129021371586,1.1546502291731429,-0.20518134165714602,-0.23626348586044385,1.2374905681150326
-0.4269519681575554,-0.7632597660148678,-0.15886109598249754,-0.4574968237247527,-0.731553497685151,-0.13969092785336565,-0.05441270498963494,-0.7810903698448177,-0.48045100265009827,1.082283627483,-0.23837588115395875,-0.9359274071648055,-0.412688963496304,-0.9445462206765399,2.409976310473246,-0.5712846528841836,-0.4707129021371586,-0.6989915427044474,-0.20518134165714602,-0.14624771484150456,-0.4730849254363304
-0.28515066183691695,0.3643949850651628,-0.15886109598249754,-0.22118079522933537,-0.3653769928329115,-0.14510946251743104,-0.14405665781428528,0.0022805558243643785,-0.2526595334847308,-1.3855632740793984,-0.18119529473103577,1.2300940815198786,-0.412688963496304,1.269358455374264,-0.1430062130426441,-0.5712846528841836,-0.4707129021371586,-0.29974562260773563,-0.20518134165714602,-0.3622423663566559,-0.4730849254363304
1.487365667171063,-0.7632597660148678,-0.15886109598249754,-0.06363677623239047,1.3556525799726145,0.6405780637720511,-0.5026324691128867,0.5245278396038191,2.594733831082363,1.082283627483,-0.11238475852717932,-0.9359274071648055,-0.412688963496304,-0.9445462206765399,-1.4945851952854219,-0.5712846528841836,-0.4707129021371586,-0.5766036564962067,-0.20518134165714602,-0.1642292695801409,-0.4730849254363304
-0.0015480491956401216,-0.7632597660148678,-0.15886109598249754,-0.6150408427216976,0.2205054149306718,-0.0909241158767771,-0.41298851628823635,-0.5199667279550904,-0.3665552680674145,-0.3279146019812276,0.2093771854119805,0.6885887093487076,-0.412688963496304,-0.9445462206765399,-1.0315442466640412,-0.5712846528841836,-0.4707129021371586,1.091277860824608,0.8939187107285017,2.0736913147683427,0.09710690574745726
-0.0015480491956401216,-0.7632597660148678,0.5687227236173411,1.1967153757431686,0.8063878226942551,-0.12704768030387972,-0.323344563463586,2.3523933328319107,0.08902767026332045,-0.6099542478740732,0.12118339957323489,-0.06951881169093183,1.337417937256541,-0.9445462206765399,-0.45050830838754785,-0.5712846528841836,-0.4707129021371586,0.7268867433552375,-0.20518134165714602,-0.20624022929983782,0.667298736931245
-0.28515066183691695,-0.7632597660148678,-0.15886109598249754,1.6693474327340032,-0.6583181967147032,-0.12704768030387972,2.3659740212759246,-0.7810903698448177,-0.2526595334847308,1.082283627483,-0.23643755619046983,-0.9359274071648055,-0.412688963496304,-0.9445462206765399,0.908221887260803,-0.5712846528841836,-0.4707129021371586,-0.6989915427044474,-0.20518134165714602,-0.14624771484150456,-0.4730849254363304
-0.28515066183691695,0.3643949850651628,-0.15886109598249754,0.4877672902569166,0.5500642692976874,-0.14510946251743104,-0.14405665781428528,1.1773369443281376,-0.2526595334847308,-1.1505302353652944,0.059157000741589624,1.2300940815198786,0.4623644868801184,1.269358455374264,0.007169232432284452,-0.5712846528841836,-0.4707129021371586,1.4540846692456768,-0.20518134165714602,-0.3622423663566559,-0.4730849254363304
-0.3560513149972362,0.3643949850651628,-0.15886109598249754,-0.22118079522933537,-0.4019946433181354,-0.13427239318930026,-0.14405665781428528,0.0022805558243643785,-0.3665552680674145,1.082283627483,-0.19960938188418045,-0.9359274071648055,-0.412688963496304,1.3385429767291606,-0.2180939312748451,1.2457179236502336,0.49172687098256745,-0.3514337104773992,-0.20518134165714602,-0.41624102923544376,-0.4730849254363304
-0.3560513149972362,-0.7632597660148678,-0.15886109598249754,-0.69381285222017,-0.4019946433181354,-0.13427239318930026,-0.323344563463586,-0.7810903698448177,-0.48045100265009827,-0.3279146019812276,0.1822406359231357,-0.9359274071648055,-0.412688963496304,-0.9445462206765399,-0.4058132358658742,-0.5712846528841836,-0.4707129021371586,3.0884976546415905,4.053831361337239,11.73345811849182,-0.4730849254363304
-0.21425000867659774,-0.7632597660148678,-0.15886109598249754,-0.29995280472780783,-0.10905343943634378,-0.12885385852523484,0.12487520065966574,-0.7810903698448177,-0.3665552680674145,-0.750974070820496,-0.06198830947646753,-0.3944220349936345,-0.412688963496304,-0.9445462206765399,-0.2931816540123093,-0.5712846528841836,-0.4707129021371586,0.34071137433289606,0.1382874247133689,0.39373891394637384,-0.4730849254363304
-0.28515066183691695,0.3643949850651628,-0.15886109598249754,-0.06363677623239047,-0.43861229380335937,-0.12704768030387972,0.035231247835015404,0.0022805558243643785,-0.2526595334847308,1.082283627483,-0.21123933166511394,-0.9359274071648055,-0.412688963496304,1.269358455374264,-0.2931816540123093,1.2457179236502336,1.4541666441022936,-0.5136273655166884,-0.20518134165714602,-0.3622423663566559,-0.4730849254363304
-0.28515066183691695,0.3643949850651628,-0.15886109598249754,0.015135233266081972,-0.1822887404067917,-0.12704768030387972,-0.14405665781428528,0.3939660186589554,-0.2526595334847308,1.082283627483,-0.11626140845415714,-0.9359274071648055,-0.412688963496304,1.269358455374264,-0.2931816540123093,1.2457179236502336,0.49172687098256745,0.18505299465255726,-0.20518134165714602,-0.3622423663566559,0.09710690574745726
-0.4978526213178746,-0.7632597660148678,-0.15886109598249754,-0.4574968237247527,-0.7681711481703749,-0.14330328429607592,-0.05441270498963494,-0.650528548899954,-0.594346737232782,1.082283627483,-0.23934504363570322,-0.9359274071648055,-0.412688963496304,-0.9445462206765399,1.283660491937598,-0.5712846528841836,-0.4707129021371586,-0.6989915427044474,-0.20518134165714602,-0.14624771484150456,-0.4730849254363304
0.1402532571249983,0.3643949850651628,-0.15886109598249754,-0.1424087857308629,0.7697701722090311,-0.09634265054084248,-0.5026324691128867,0.3939660186589554,-0.13876379890204704,-0.710682692231433,0.3004784586959595,1.2300940815198786,-0.412688963496304,0.3837965839798244,-0.8080688840556733,1.2457179236502336,0.49172687098256745,1.054190622590489,0.06959367143926591,0.3446541293895557,-0.4730849254363304
0.06935260396467909,1.4920497361451934,-0.15886109598249754,-0.29995280472780783,-0.10905343943634378,-0.13969092785336565,-0.05441270498963494,-0.5199667279550904,0.31681913942868795,-0.9546693700052409,-0.1579353951691688,1.2300940815198786,-0.412688963496304,1.0848663984278732,-0.3832869194951612,1.2457179236502336,3.379046190341746,-0.43520405978340565,-0.20518134165714602,-0.3622423663566559,-0.4730849254363304
-0.28515066183691695,0.3643949850651628,-0.15886109598249754,1.275487385241641,0.44021131784201556,-0.14510946251743104,0.6627389176075679,1.1773369443281376,-0.2526595334847308,-1.3855632740793984,0.06787946307728975,1.2300940815198786,0.4623644868801184,1.0479679875256542,0.15734467340194988,1.2457179236502336,0.49172687098256745,1.5325079749789596,-0.20518134165714602,-0.2542450405990802,2.3778742304826075
-0.0015480491956401216,3.747359238305255,-0.15886109598249754,1.7481194422324757,-0.14567108992156774,-0.14510946251743104,2.0073982099773233,-0.1282812651204993,0.20292340484600419,-0.8567389380303131,-0.04357422232332284,1.2300940815198786,-0.412688963496304,0.9495722251197365,-0.4934155753051965,-0.5712846528841836,-0.4707129021371586,0.05355533045411189,-0.20518134165714602,-0.44626428579604976,-0.4730849254363304
-0.3560513149972362,0.3643949850651628,-0.15886109598249754,-0.29995280472780783,0.037417162504552036,-0.14510946251743104,-0.41298851628823635,0.0022805558243643785,-0.594346737232782,-1.2680467554274455,-0.11916889589939052,1.2300940815198786,0.4623644868801184,0.4470510033651415,0.34506397799297894,-0.5712846528841836,-0.4707129021371586,0.3793289111281893,-0.13648758838304303,-0.14624771484150456,-0.4730849254363304
-0.5687532744781938,-0.7632597660148678,-0.15886109598249754,-0.4574968237247527,-0.8047887986555989,-0.14510946251743104,-0.14405665781428528,-0.650528548899954,-0.7082424718154657,1.082283627483,-0.24031420611744767,-0.9359274071648055,-0.412688963496304,-0.9445462206765399,2.409976310473246,-0.5712846528841836,-0.4707129021371586,-0.6989915427044474,-0.20518134165714602,-0.14624771484150456,-0.4730849254363304
-0.3560513149972362,0.3643949850651628,-0.15886109598249754,-0.1424087857308629,-0.2555240413772396,-0.14149710607472077,-0.5026324691128867,0.3939660186589554,-0.3665552680674145,-0.7979806779992374,-0.17634948232231348,-0.9359274071648055,0.4623644868801184,0.8265775196770443,-0.12423428123196216,1.2457179236502336,0.49172687098256745,-0.1464637068563195,-0.20518134165714602,-0.28124437203847413,0.667298736931245
-0.21425000867659774,-0.7632597660148678,1.2963065432171799,0.09390724276455442,-0.1822887404067917,-0.1324662149679451,-0.14405665781428528,0.26340419771409174,-0.48045100265009827,-0.7979806779992374,-0.14533628290649087,1.2300940815198786,0.4623644868801184,-0.9445462206765399,-0.2180939312748451,-0.5712846528841836,-0.4707129021371586,-0.16428718543206555,0.000899918165162931,0.30372314292743446,-0.4730849254363304
-0.639653927638513,-0.7632597660148678,-0.15886109598249754,-0.7725848617186425,-0.8414064491408229,-0.14510946251743104,-0.41298851628823635,-0.7810903698448177,-0.8221382063981495,1.082283627483,-0.23934504363570322,-0.9359274071648055,-0.412688963496304,-0.9445462206765399,-2.0952869636693463,-0.5712846528841836,-0.4707129021371586,-0.6989915427044474,-0.273875094931249,-0.686234343629383,-0.4730849254363304
0.06935260396467909,-0.7632597660148678,-0.15886109598249754,0.33022327125997175,2.1246232401623173,-0.12885385852523484,-0.5026324691128867,1.1773369443281376,-0.2526595334847308,-0.6840252666568337,0.39739470687040523,0.6393609476515044,2.2124713876329634,-0.9445462206765399,-0.11297112304660567,-0.5712846528841836,-0.4707129021371586,1.5752843235607497,-0.06779383510894005,-0.038250389083928894,0.667298736931245
-0.4269519681575554,-0.7632597660148678,-0.15886109598249754,-0.1424087857308629,-0.731553497685151,-0.13969092785336565,0.2145191534843161,-0.650528548899954,-0.48045100265009827,1.082283627483,-0.23837588115395875,-0.9359274071648055,-0.412688963496304,-0.9445462206765399,0.908221887260803,-0.5712846528841836,-0.4707129021371586,-0.6989915427044474,-0.20518134165714602,-0.14624771484150456,-0.4730849254363304
-0.3560513149972362,-0.7632597660148678,-0.15886109598249754,-0.37872481422628024,-0.6949358471999271,-0.13427239318930026,0.035231247835015404,-0.7810903698448177,-0.3665552680674145,1.082283627483,-0.2374067186722143,-0.9359274071648055,-0.412688963496304,-0.9445462206765399,0.15734467340194988,-0.5712846528841836,-0.4707129021371586,-0.6989915427044474,-0.20518134165714602,-0.14624771484150456,-0.4730849254363304
-0.28515066183691695,-0.7632597660148678,0.9325146334172605,-0.37872481422628024,-0.6217005462294791,-0.14510946251743104,-0.05441270498963494,-0.650528548899954,-0.3665552680674145,-0.8567389380303131,-0.2122084941468584,1.2300940815198786,0.4623644868801184,-0.9445462206765399,0.007169232432284452,-0.5712846528841836,-0.4707129021371586,-0.5350155398075837,-0.13648758838304303,-0.14624771484150456,-0.4730849254363304
-0.4978526213178746,-0.7632597660148678,-0.15886109598249754,-0.5362688332232252,-0.6583181967147032,-0.14330328429607592,-0.41298851628823635,-0.3894049070102267,-0.594346737232782,1.082283627483,-0.22190011896430298,-0.9359274071648055,-0.412688963496304,-0.9445462206765399,0.15734467340194988,-0.5712846528841836,-0.4707129021371586,-0.3781689283410183,0.000899918165162931,0.39373891394637384,-0.4730849254363304
-0.4269519681575554,0.3643949850651628,-0.15886109598249754,-0.6150408427216976,-0.6217005462294791,-0.13969092785336565,-0.5026324691128867,-0.3894049070102267,-0.48045100265009827,1.082283627483,-0.22480760640953634,-0.9359274071648055,-0.412688963496304,1.4121910141767824,0.307520114371615,-0.5712846528841836,-0.4707129021371586,-0.5326390759856018,-0.20518134165714602,-0.5062568002543831,-0.4730849254363304
1.1328624013694673,-0.7632597660148678,-0.15886109598249754,0.17267925226302686,1.3190349294873904,0.3967440038891084,-0.41298851628823635,0.7856514814935465,2.025255158168944,1.082283627483,-0.02806762261541153,-0.9359274071648055,-0.412688963496304,-0.9445462206765399,-1.3744448398065316,-0.5712846528841836,-0.4707129021371586,-0.4209452769228088,-0.13648758838304303,-0.14624771484150456,0.667298736931245
0.06935260396467909,-0.7632597660148678,-0.15886109598249754,-0.6150408427216976,0.6232995702681353,-0.07466851188458092,-0.5026324691128867,-0.3894049070102267,-0.3665552680674145,-0.3801441659832288,0.21422299782070278,1.2300940815198786,-0.412688963496304,-0.9445462206765399,-0.3432401343355311,-0.5712846528841836,-0.4707129021371586,0.9300743991187427,0.27567493126157483,0.5557349025827373,-0.4730849254363304
-0.4269519681575554,0.3643949850651628,-0.15886109598249754,-0.6150408427216976,-0.6217005462294791,-0.13969092785336565,-0.5026324691128867,-0.3894049070102267,-0.48045100265009827,1.082283627483,-0.22480760640953634,-0.9359274071648055,-0.412688963496304,1.4121910141767824,0.307520114371615,-0.5712846528841836,-0.4707129021371586,-0.5326390759856018,-0.20518134165714602,-0.5062568002543831,-0.4730849254363304
-0.0015480491956401216,0.3643949850651628,-0.15886109598249754,0.5665392997553891,0.7697701722090311,-0.13427239318930026,-0.14405665781428528,1.0467751233832738,0.20292340484600419,-0.6608780726702594,0.16091906132475764,1.2300940815198786,0.4623644868801184,0.3447276797511777,-0.9689711451336982,-0.5712846528841836,-0.4707129021371586,0.8734353449384308,-0.13648758838304303,-0.14624771484150456,3.518257892850183
-0.4269519681575554,0.3643949850651628,-0.15886109598249754,-0.4574968237247527,-0.6217005462294791,-0.13969092785336565,-0.14405665781428528,-0.3894049070102267,-0.48045100265009827,1.082283627483,-0.22480760640953634,-0.9359274071648055,-0.412688963496304,1.4121910141767824,0.307520114371615,-0.5712846528841836,-0.4707129021371586,-0.5326390759856018,-0.20518134165714602,-0.5062568002543831,-0.4730849254363304
0.42385586976627515,-0.7632597660148678,-0.15886109598249754,0.4877672902569166,0.18388776444544785,-0.09273029409813223,0.3041631063089664,0.5245278396038191,0.8862978123421067,-0.7644045308202496,0.11827591212800151,0.8690904993504242,-0.412688963496304,-0.9445462206765399,-1.2943512694872714,-0.5712846528841836,-0.4707129021371586,0.13277079071154554,0.20698117798747187,0.32175869632894966,-0.4730849254363304
-0.14334935551627853,1.4920497361451934,-0.15886109598249754,0.17267925226302686,0.2937407159011197,-0.12885385852523484,-0.5026324691128867,0.9162133024384101,-0.2526595334847308,-1.0330137167133415,0.04752705096065614,1.2300940815198786,-0.412688963496304,0.5775132442605937,-0.16445984424883675,-0.5712846528841836,-0.4707129021371586,0.7727185455599287,-0.20518134165714602,-0.22341180409529238,0.09710690574745726
-0.14334935551627853,-0.7632597660148678,-0.15886109598249754,-0.22118079522933537,-0.10905343943634378,-0.1252415020825246,-0.5026324691128867,0.26340419771409174,-0.13876379890204704,-1.0330137167133415,-0.1530895827604465,-0.21392024499191797,-0.412688963496304,-0.9445462206765399,0.15734467340194988,-0.5712846528841836,-0.4707129021371586,-0.2865053242881056,-0.13648758838304303,-0.06908362558771672,-0.4730849254363304
-0.28515066183691695,0.3643949850651628,-0.15886109598249754,-0.22118079522933537,-0.4019946433181354,-0.14510946251743104,-0.14405665781428528,0.0022805558243643785,-0.2526595334847308,-1.3855632740793984,-0.18894859458499144,1.2300940815198786,-0.412688963496304,1.269358455374264,-0.1430062130426441,-0.5712846528841836,-0.4707129021371586,-0.356780754050123,-0.20518134165714602,-0.3622423663566559,-0.4730849254363304
0.7074584824075519,-0.7632597660148678,0.5687227236173411,1.1179433662446963,-0.03581813846589588,0.08788752803738091,1.4695344930294212,-0.258843086065363,1.3418807506728416,-0.4454311206331806,-0.11529224597241268,1.2300940815198786,1.337417937256541,-0.9445462206765399,-1.1806846439438419,-0.5712846528841836,-0.4707129021371586,-0.5094998230984166,-0.06779383510894005,-0.11784441816726215,0.09710690574745726
0.21115391028531752,1.4920497361451934,-0.15886109598249754,-0.22118079522933537,0.25712306541589575,-0.02951405635070263,-0.41298851628823635,0.13284237676922805,0.4307148740113717,-0.3279146019812276,-0.1511512577969576,1.2300940815198786,-0.412688963496304,1.2970322629421047,0.6351756264470574,1.2457179236502336,1.4541666441022936,-0.4643157414690066,-0.20518134165714602,-0.37126014305741345,-0.4730849254363304
-0.28515066183691695,-0.7632597660148678,-0.15886109598249754,-0.6150408427216976,-0.14567108992156774,-0.14149710607472077,-0.5026324691128867,-0.3894049070102267,-0.48045100265009827,-0.7979806779992374,-0.08912485896531233,1.2300940815198786,0.4623644868801184,-0.9445462206765399,-0.5935325404569033,-0.5712846528841836,-0.4707129021371586,0.36328778041001786,-0.06779383510894005,-0.14624771484150456,-0.4730849254363304
-0.4269519681575554,0.3643949850651628,-0.15886109598249754,-0.69381285222017,-0.6217005462294791,-0.13969092785336565,-0.5026324691128867,-0.5199667279550904,-0.7082424718154657,1.082283627483,-0.22965341881825863,-0.9359274071648055,-0.412688963496304,0.7949503099843855,0.908221887260803,1.2457179236502336,1.4541666441022936,-0.592050671249971,-0.20518134165714602,-0.32622525821650444,-0.4730849254363304
-0.21425000867659774,0.3643949850651628,-0.15886109598249754,-0.22118079522933537,-0.10905343943634378,-0.11801678919710407,-0.5026324691128867,0.26340419771409174,-0.2526595334847308,-0.3279146019812276,-0.15599707020567988,-0.9359274071648055,-0.412688963496304,0.774485645748652,-0.2180939312748451,1.2457179236502336,1.4541666441022936,-0.21775762115930372,-0.13648758838304303,-0.14624771484150456,-0.4730849254363304
-0.639653927638513,-0.7632597660148678,-0.15886109598249754,-0.4574968237247527,-0.8414064491408229,-0.14510946251743104,-0.05441270498963494,-0.7810903698448177,-0.8221382063981495,1.082283627483,-0.18313361969452469,-0.9359274071648055,-0.412688963496304,-0.9445462206765399,-2.0952869636693463,-0.5712846528841836,-0.4707129021371586,-0.6989915427044474,-0.273875094931249,-0.686234343629383,2.3778742304826075
-0.5687532744781938,-0.7632597660148678,-0.15886109598249754,-0.6150408427216976,-0.8047887986555989,-0.14510946251743104,-0.323344563463586,-0.650528548899954,-0.7082424718154657,1.082283627483,-0.24031420611744767,-0.9359274071648055,-0.412688963496304,-0.9445462206765399,2.409976310473246,-0.5712846528841836,-0.4707129021371586,-0.6989915427044474,-0.20518134165714602,-0.14624771484150456,-0.4730849254363304
-0.28515066183691695,1.4920497361451934,-0.15886109598249754,0.2514512617614993,0.4768289683272395,-0.13066003674659,-0.5026324691128867,1.0467751233832738,-0.2526595334847308,-0.6804641593472845,0.07078695052252311,1.2300940815198786,-0.412688963496304,0.7949503099843855,-0.11297112304660567,1.2457179236502336,0.49172687098256745,1.5538961492698546,-0.20518134165714602,-0.2542450405990802,0.667298736931245
-0.3560513149972362,-0.7632597660148678,-0.15886109598249754,0.33022327125997175,-0.6949358471999271,-0.13427239318930026,0.7523828704322182,-0.650528548899954,-0.3665552680674145,0.14215147403678205,-0.22771509385476973,-0.9359274071648055,-0.412688963496304,-0.9445462206765399,0.3826078371090797,-0.5712846528841836,-0.4707129021371586,-0.6989915427044474,-0.20518134165714602,-0.14624771484150456,0.667298736931245
-0.28515066183691695,-0.7632597660148678,-0.15886109598249754,-0.06363677623239047,0.5866819197829114,-0.12704768030387972,-0.41298851628823635,0.3939660186589554,-0.594346737232782,-0.6804641593472845,0.09210852512090117,-0.9359274071648055,-0.412688963496304,-0.9445462206765399,-0.7437079814265687,-0.5712846528841836,-0.4707129021371586,1.7107427607364196,0.000899918165162931,0.06974693667364676,0.667298736931245
-0.5687532744781938,-0.7632597660148678,-0.15886109598249754,-0.69381285222017,-0.8047887986555989,-0.14510946251743104,-0.323344563463586,-0.7810903698448177,-0.8221382063981495,1.082283627483,0.09986182497485682,-0.9359274071648055,-0.412688963496304,-0.9445462206765399,-2.0952869636693463,-0.5712846528841836,-0.4707129021371586,9.139568631107378,-0.273875094931249,-0.686234343629383,2.9480660616663954
-0.4269519681575554,0.3643949850651628,-0.15886109598249754,-0.69381285222017,-0.3287593423476875,-0.14510946251743104,-0.41298851628823635,-0.650528548899954,-0.48045100265009827,-1.7381128314454555,-0.20057854436592493,1.2300940815198786,-0.412688963496304,0.6789838760681677,0.4076370795233218,-0.5712846528841836,-0.4707129021371586,-0.247463418666724,-0.20518134165714602,-0.32622525821650444,-0.4730849254363304
-0.5687532744781938,-0.7632597660148678,-0.15886109598249754,-0.4574968237247527,-0.8047887986555989,-0.14510946251743104,-0.14405665781428528,-0.650528548899954,-0.7082424718154657,1.082283627483,-0.24031420611744767,-0.9359274071648055,-0.412688963496304,-0.9445462206765399,2.409976310473246,-0.5712846528841836,-0.4707129021371586,-0.6989915427044474,-0.20518134165714602,-0.14624771484150456,-0.4730849254363304
-0.4978526213178746,0.3643949850651628,-0.15886109598249754,-0.69381285222017,-0.6949358471999271,-0.14330328429607592,-0.5026324691128867,-0.5199667279550904,-0.594346737232782,1.082283627483,-0.23159174378174754,-0.9359274071648055,-0.412688963496304,1.220160574171305,0.908221887260803,-0.5712846528841836,-0.4707129021371586,-0.5564037140984789,-0.20518134165714602,-0.41624102923544376,-0.4730849254363304
-0.4978526213178746,-0.7632597660148678,-0.15886109598249754,-0.22118079522933537,-0.7681711481703749,-0.14330328429607592,0.12487520065966574,-0.650528548899954,-0.594346737232782,1.082283627483,-0.23449923122698094,-0.9359274071648055,-0.412688963496304,-0.9445462206765399,0.720502582669774,-0.5712846528841836,-0.4707129021371586,-0.6989915427044474,-0.20518134165714602,-0.14624771484150456,0.667298736931245
3.756186568301278,-0.7632597660148678,-0.15886109598249754,2.4570675277187277,5.2005058809211295,2.4250821464709205,-0.23370061063893563,4.310820647004866,4.644857053570671,-0.5711562071612909,1.3975703880306851,0.38252045513612887,5.712685189138654,-0.9445462206765399,-1.4848964554143738,-0.5712846528841836,-0.4707129021371586,0.22437963783004738,0.1382874247133689,0.027951971605465017,4.08844972403397
-0.4269519681575554,3.747359238305255,-0.15886109598249754,-0.69381285222017,-0.6217005462294791,-0.13969092785336565,-0.41298851628823635,-0.650528548899954,-0.48045100265009827,0.3771845127508862,-0.22480760640953634,1.2300940815198786,-0.412688963496304,1.490748923222874,1.4088066949982843,-0.5712846528841836,-0.4707129021371586,-0.5445213950598639,-0.273875094931249,-0.686234343629383,-0.4730849254363304
-0.4269519681575554,1.4920497361451934,-0.15886109598249754,-0.1424087857308629,-0.3287593423476875,-0.13969092785336565,-0.14405665781428528,0.0022805558243643785,-0.48045100265009827,1.082283627483,-0.19476356947545817,-0.9359274071648055,-0.412688963496304,1.423101835351158,0.307520114371615,3.062720500184651,1.4541666441022936,-0.16428718543206555,-0.06779383510894005,-0.14624771484150456,-0.4730849254363304
-0.28515066183691695,0.3643949850651628,-0.15886109598249754,0.015135233266081972,-0.1822887404067917,-0.12704768030387972,-0.14405665781428528,0.3939660186589554,-0.2526595334847308,1.082283627483,-0.11529224597241268,-0.9359274071648055,-0.412688963496304,1.269358455374264,-0.2931816540123093,1.2457179236502336,0.49172687098256745,0.19218238608285565,-0.20518134165714602,-0.3622423663566559,0.09710690574745726
-0.3560513149972362,-0.7632597660148678,-0.15886109598249754,-0.7725848617186425,0.07403481298977599,-0.13427239318930026,-0.5026324691128867,-0.650528548899954,-0.594346737232782,1.082283627483,-0.10075480874624583,-0.9359274071648055,-0.412688963496304,-0.9445462206765399,1.846818401205422,-0.5712846528841836,-0.4707129021371586,0.5575636968856499,-0.13648758838304303,-0.14624771484150456,-0.4730849254363304
-0.5687532744781938,-0.7632597660148678,-0.15886109598249754,-0.69381285222017,-0.8047887986555989,-0.14510946251743104,-0.323344563463586,-0.7810903698448177,-0.8221382063981495,1.082283627483,-0.03679008495111165,-0.9359274071648055,-0.412688963496304,-0.9445462206765399,-2.0952869636693463,-0.5712846528841836,-0.4707129021371586,5.289697258746229,-0.273875094931249,-0.686234343629383,2.9480660616663954
-0.3560513149972362,0.3643949850651628,-0.15886109598249754,-0.22118079522933537,-0.4019946433181354,-0.13427239318930026,-0.14405665781428528,0.0022805558243643785,-0.3665552680674145,1.082283627483,-0.17634948232231348,-0.9359274071648055,-0.412688963496304,1.3385429767291606,-0.2180939312748451,1.2457179236502336,0.49172687098256745,-0.13755196756844645,-0.20518134165714602,-0.41624102923544376,-0.4730849254363304
-0.28515066183691695,0.3643949850651628,-0.15886109598249754,-0.1424087857308629,-0.47522994428858334,-0.12704768030387972,-0.05441270498963494,0.0022805558243643785,-0.2526595334847308,1.082283627483,-0.2034860318111583,-0.9359274071648055,-0.412688963496304,1.269358455374264,-0.2931816540123093,1.2457179236502336,1.4541666441022936,-0.45659223407430094,-0.20518134165714602,-0.3622423663566559,-0.4730849254363304
-0.4269519681575554,-0.7632597660148678,-0.15886109598249754,-0.1424087857308629,-0.731553497685151,-0.13969092785336565,0.035231247835015404,-0.3894049070102267,-0.48045100265009827,1.082283627483,-0.23837588115395875,-0.9359274071648055,-0.412688963496304,-0.9445462206765399,2.109625424028652,-0.5712846528841836,-0.4707129021371586,-0.6989915427044474,-0.20518134165714602,-0.14624771484150456,0.09710690574745726
-0.4269519681575554,-0.7632597660148678,-0.15886109598249754,-0.5362688332232252,-0.5484652452590313,-0.14330328429607592,-0.23370061063893563,-0.650528548899954,-0.8221382063981495,-1.0330137167133415,-0.19767105692069156,1.2300940815198786,-0.412688963496304,-0.9445462206765399,0.15734467340194988,-0.5712846528841836,-0.4707129021371586,-0.21181646151523187,-0.13648758838304303,-0.32622525821650444,-0.4730849254363304
-0.28515066183691695,0.3643949850651628,0.20493081381742181,-0.1424087857308629,0.037417162504552036,-0.1378847496320105,-0.323344563463586,0.13284237676922805,-0.48045100265009827,-1.3855632740793984,-0.12110722086287942,1.2300940815198786,0.4623644868801184,0.4470510033651415,-0.03573803899062736,-0.5712846528841836,-0.4707129021371586,0.14227664607076673,-0.13648758838304303,-0.2542450405990802,-0.4730849254363304
-0.3560513149972362,1.4920497361451934,-0.15886109598249754,-0.29995280472780783,0.11065246347499995,-0.13427239318930026,-0.41298851628823635,0.0022805558243643785,-0.594346737232782,-0.3279146019812276,-0.11335392100892377,-0.9359274071648055,-0.412688963496304,0.9495722251197365,0.5327832780787448,3.062720500184651,1.4541666441022936,0.4327993468554275,0.000899918165162931,-0.011251057644534952,-0.4730849254363304
-0.4269519681575554,-0.7632597660148678,-0.15886109598249754,-0.6150408427216976,-0.731553497685151,-0.13969092785336565,-0.323344563463586,-0.650528548899954,-0.48045100265009827,1.082283627483,-0.23837588115395875,-0.9359274071648055,-0.412688963496304,-0.9445462206765399,1.659099096614393,-0.5712846528841836,-0.4707129021371586,-0.6989915427044474,-0.20518134165714602,-0.14624771484150456,-0.4730849254363304
-0.4269519681575554,-0.7632597660148678,-0.15886109598249754,-0.69381285222017,-0.3653769928329115,-0.14330328429607592,-0.323344563463586,-0.7810903698448177,-0.594346737232782,-1.0330137167133415,-0.14921293283346868,1.2300940815198786,-0.412688963496304,-0.9445462206765399,0.15734467340194988,-0.5712846528841836,-0.4707129021371586,0.3822994907719904,0.000899918165162931,0.03372982853349528,0.09710690574745726
-0.4269519681575554,3.747359238305255,-0.15886109598249754,2.141979489724838,-0.6217005462294791,-0.13969092785336565,2.8141937853991763,-0.650528548899954,-0.48045100265009827,0.3771845127508862,-0.22480760640953634,1.2300940815198786,-0.412688963496304,1.490748923222874,1.4088066949982843,-0.5712846528841836,-0.4707129021371586,-0.5445213950598639,-0.273875094931249,-0.686234343629383,-0.4730849254363304
1.3455643608504249,-0.7632597660148678,-0.15886109598249754,0.015135233266081972,1.1359466770612707,-0.10176118520490789,-0.23370061063893563,0.26340419771409174,2.3669423619169954,-0.7805708233319038,-0.049389197213789586,-0.9359274071648055,2.2124713876329634,-0.9445462206765399,-1.2907756627844849,-0.5712846528841836,-0.4707129021371586,-0.4863829054182328,-0.13648758838304303,-0.12697019219377725,0.09710690574745726
-0.3560513149972362,-0.7632597660148678,-0.15886109598249754,-0.37872481422628024,-0.1822887404067917,-0.14510946251743104,-0.5026324691128867,0.0022805558243643785,-0.3665552680674145,-1.2680467554274455,-0.16956534495010228,-0.9359274071648055,0.4623644868801184,-0.9445462206765399,0.15734467340194988,-0.5712846528841836,-0.4707129021371586,-0.0929932711290813,-0.06779383510894005,-0.011251057644534952,-0.4730849254363304
-0.4269519681575554,-0.7632597660148678,-0.15886109598249754,-0.4574968237247527,-0.4019946433181354,-0.14510946251743104,-0.5026324691128867,-0.1282812651204993,-0.48045100265009827,-0.5041893806642561,-0.18216445721278024,0.6885887093487076,0.4623644868801184,-0.9445462206765399,0.4076370795233218,-0.5712846528841836,-0.4707129021371586,-0.057346313977589186,0.000899918165162931,0.213761370571374,0.09710690574745726
1.3455643608504249,-0.7632597660148678,0.9325146334172605,-0.22118079522933537,1.1725643275464945,-0.14510946251743104,-0.23370061063893563,-0.1282812651204993,2.3669423619169954,-1.7381128314454555,-0.08427904655659005,1.2300940815198786,0.4623644868801184,-0.9445462206765399,-1.2907756627844849,-0.5712846528841836,-0.4707129021371586,-0.5296684962348598,-0.20518134165714602,-0.16552523748923179,0.09710690574745726
-0.5687532744781938,-0.7632597660148678,-0.15886109598249754,-0.37872481422628024,-0.7681711481703749,-0.14510946251743104,0.035231247835015404,-0.7810903698448177,-0.7082424718154657,1.082283627483,-0.23546839370872538,-0.9359274071648055,-0.412688963496304,-0.9445462206765399,2.409976310473246,-0.5712846528841836,-0.4707129021371586,-0.592050671249971,-0.273875094931249,-0.686234343629383,-0.4730849254363304
-0.21425000867659774,0.3643949850651628,-0.15886109598249754,-0.1424087857308629,-0.2921416918624636,-0.1252415020825246,-0.23370061063893563,0.26340419771409174,-0.2526595334847308,-0.6099542478740732,-0.17053450743184675,1.2300940815198786,-0.412688963496304,1.269358455374264,-0.2931816540123093,-0.5712846528841836,-0.4707129021371586,-0.3128161736821059,0.000899918165162931,-0.14624771484150456,0.09710690574745726
-0.4978526213178746,0.3643949850651628,0.5687227236173411,-0.37872481422628024,-0.6217005462294791,-0.14330328429607592,-0.323344563463586,-0.258843086065363,-0.7082424718154657,1.082283627483,-0.22286928144604745,-0.9359274071648055,-0.412688963496304,1.2472194088329327,1.283660491937598,-0.5712846528841836,-0.4707129021371586,-0.39599240691676435,-0.13648758838304303,-0.14624771484150456,-0.4730849254363304
0.6365578292472328,0.3643949850651628,-0.15886109598249754,-0.5362688332232252,0.4768289683272395,-0.14510946251743104,-0.41298851628823635,-0.3894049070102267,0.6585063431767392,-0.6220201154551036,0.12215256205497935,0.24553885840592155,3.9625782883858083,-0.031310541714259746,-1.0730843734200983,1.2457179236502336,1.4541666441022936,-0.013777810871647643,-0.20518134165714602,-0.23626348586044385,-0.4730849254363304
-0.3560513149972362,0.3643949850651628,-0.15886109598249754,-0.37872481422628024,-0.5850828957442552,-0.13427239318930026,-0.14405665781428528,-0.258843086065363,-0.3665552680674145,1.082283627483,-0.22190011896430298,-0.9359274071648055,-0.412688963496304,1.3385429767291606,-0.2180939312748451,-0.5712846528841836,-0.4707129021371586,-0.5564037140984789,-0.20518134165714602,-0.41624102923544376,-0.4730849254363304
-0.21425000867659774,0.3643949850651628,-0.15886109598249754,-0.37872481422628024,-0.5118475947738073,-0.12162914563981433,-0.14405665781428528,-0.258843086065363,-0.2526595334847308,-0.6099542478740732,-0.21414681911034733,1.2300940815198786,-0.412688963496304,1.269358455374264,-0.2931816540123093,-0.5712846528841836,-0.4707129021371586,-0.574227192674225,-0.20518134165714602,-0.41624102923544376,-0.4730849254363304
-0.4269519681575554,0.3643949850651628,-0.15886109598249754,-0.5362688332232252,-0.5484652452590313,-0.13969092785336565,-0.41298851628823635,-0.3894049070102267,-0.48045100265009827,1.082283627483,-0.2189926315190696,-0.9359274071648055,-0.412688963496304,1.4532828450226118,0.15734467340194988,1.2457179236502336,0.49172687098256745,-0.4613451616826175,-0.20518134165714602,-0.5062568002543831,-0.4730849254363304
-0.14334935551627853,0.3643949850651628,-0.15886109598249754,0.4089952807584442,0.4768289683272395,-0.12885385852523484,-0.14405665781428528,1.0467751233832738,-0.2526595334847308,-0.8861180673407517,0.02135966395355579,0.9593413954342931,2.2124713876329634,1.14284961660363,-0.6241805895424418,1.2457179236502336,0.49172687098256745,0.6046686044991975,-0.20518134165714602,-0.3005218946862014,-0.4730849254363304
-0.14334935551627853,0.3643949850651628,1.6600984530170995,0.4089952807584442,0.0007995120193280805,-0.12885385852523484,-0.05441270498963494,0.6550896605486828,-0.13876379890204704,-1.0330137167133415,-0.08330988407484559,1.2300940815198786,-0.412688963496304,1.14284961660363,-0.3483481432673314,1.2457179236502336,0.49172687098256745,0.09033393697674402,-0.20518134165714602,-0.3005218946862014,-0.4730849254363304
-0.639653927638513,-0.7632597660148678,-0.15886109598249754,0.4089952807584442,-0.8414064491408229,-0.14510946251743104,0.9316707760815188,-0.7810903698448177,-0.8221382063981495,1.082283627483,-0.24128336859919214,-0.9359274071648055,-0.412688963496304,-0.9445462206765399,-2.0952869636693463,-0.5712846528841836,-0.4707129021371586,-0.6989915427044474,-0.273875094931249,-0.686234343629383,-0.4730849254363304
-0.4269519681575554,-0.7632597660148678,-0.15886109598249754,-0.5362688332232252,-0.731553497685151,-0.13969092785336565,-0.323344563463586,-0.5199667279550904,-0.48045100265009827,1.082283627483,-0.23837588115395875,-0.9359274071648055,-0.412688963496304,-0.9445462206765399,0.4076370795233218,-0.5712846528841836,-0.4707129021371586,-0.6989915427044474,-0.20518134165714602,-0.14624771484150456,-0.4730849254363304
1.0619617482091481,-0.7632597660148678,-0.15886109598249754,-0.69381285222017,0.4768289683272395,-0.14510946251743104,-0.41298851628823635,-0.650528548899954,1.5696722198382091,-1.0215175353722572,0.7356324129992208,0.5532123663059149,-0.412688963496304,-0.9445462206765399,-0.6873921904997862,-0.5712846528841836,-0.4707129021371586,0.7387690622869117,0.20698117798747187,0.12374559955243465,-0.4730849254363304
-0.4269519681575554,0.3643949850651628,-0.15886109598249754,-0.6150408427216976,-0.6217005462294791,-0.13969092785336565,-0.5026324691128867,-0.3894049070102267,-0.48045100265009827,1.082283627483,-0.22480760640953634,-0.9359274071648055,-0.412688963496304,1.4121910141767824,0.307520114371615,-0.5712846528841836,-0.4707129021371586,-0.5326390759856018,-0.20518134165714602,-0.5062568002543831,-0.4730849254363304
-0.21425000867659774,-0.7632597660148678,-0.15886109598249754,-0.29995280472780783,0.037417162504552036,-0.14510946251743104,-0.41298851628823635,0.0022805558243643785,-0.13876379890204704,-1.1740335396597643,-0.1530895827604465,1.2300940815198786,0.4623644868801184,-0.9445462206765399,-0.0303746311890792,-0.5712846528841836,-0.4707129021371586,-0.20587530222762954,-0.13648758838304303,-0.14624771484150456,-0.4730849254363304
-0.0015480491956401216,0.3643949850651628,-0.15886109598249754,-0.1424087857308629,0.11065246347499995,-0.10176118520490789,-0.41298851628823635,0.3939660186589554,-0.2526595334847308,-0.5394443364008619,-0.1259530332716017,1.2300940815198786,1.337417937256541,0.3447276797511777,-0.7603941430360636,-0.5712846528841836,-0.4707129021371586,-0.28311037581821613,-0.13648758838304303,-0.14624771484150456,0.09710690574745726
2.1963721987742555,-0.7632597660148678,-0.15886109598249754,4.8989998221713735,0.6232995702681353,1.2637095501395714,5.144936558840086,1.3078987652730012,3.7336911769092005,1.082283627483,-0.20251686932941385,-0.9359274071648055,-0.412688963496304,-0.9445462206765399,-1.2505500997676102,-0.5712846528841836,-0.4707129021371586,-0.6989915427044474,-0.20518134165714602,-0.14624771484150456,0.09710690574745726
-0.21425000867659774,1.4920497361451934,-0.15886109598249754,-0.29995280472780783,-0.4019946433181354,-0.14510946251743104,-0.41298851628823635,0.0022805558243643785,-0.13876379890204704,-1.7381128314454555,-0.1463054453882353,1.2300940815198786,1.337417937256541,0.8498817794505822,0.2824908764626361,-0.5712846528841836,-0.4707129021371586,-0.16428718543206555,-0.20518134165714602,-0.23626348586044385,0.667298736931245
-0.3560513149972362,-0.7632597660148678,-0.15886109598249754,-0.7725848617186425,-0.2555240413772396,-0.14510946251743104,-0.41298851628823635,-0.7810903698448177,-0.3665552680674145,-1.1113580634214424,-0.16665785750486892,1.2300940815198786,-0.412688963496304,-0.9445462206765399,0.720502582669774,-0.5712846528841836,-0.4707129021371586,-0.07516979255333525,-0.13648758838304303,-0.011251057644534952,-0.4730849254363304
0.5656571760869136,-0.7632597660148678,-0.15886109598249754,-0.4574968237247527,-0.21890639089201563,0.10053077558686682,-0.23370061063893563,-0.5199667279550904,1.114089281507474,1.082283627483,-0.22480760640953634,-0.9359274071648055,-0.412688963496304,-0.9445462206765399,-1.1488030808054226,-0.5712846528841836,-0.4707129021371586,-0.6989915427044474,-0.20518134165714602,-0.14624771484150456,0.09710690574745726
0.42385586976627515,2.619704487225224,-0.15886109598249754,0.8816273377492788,2.4175644440441086,-0.05299437322831934,-0.41298851628823635,2.0912696909421835,0.4307148740113717,-0.5725408258050708,0.5107867172345067,0.9206624399697779,0.4623644868801184,1.120160531865802,-0.4133220094911996,3.062720500184651,1.4541666441022936,1.0762269234398603,0.06959367143926591,0.10576404481379824,-0.4730849254363304
-0.639653927638513,-0.7632597660148678,-0.15886109598249754,4.426367765180539,-0.8414064491408229,-0.14510946251743104,5.234580511664736,-0.258843086065363,-0.8221382063981495,1.082283627483,-0.24128336859919214,-0.9359274071648055,-0.412688963496304,-0.9445462206765399,-2.0952869636693463,-0.5712846528841836,-0.4707129021371586,-0.6989915427044474,-0.273875094931249,-0.686234343629383,-0.4730849254363304
-0.3560513149972362,-0.7632597660148678,-0.15886109598249754,-0.37872481422628024,-0.47522994428858334,-0.13427239318930026,-0.41298851628823635,-0.1282812651204993,-0.3665552680674145,1.082283627483,-0.20833184421988057,-0.9359274071648055,-0.412688963496304,-0.9445462206765399,0.15734467340194988,-0.5712846528841836,-0.4707129021371586,-0.4316393640682565,-0.20518134165714602,-0.28124437203847413,-0.4730849254363304
-0.28515066183691695,0.3643949850651628,-0.15886109598249754,-0.1424087857308629,-0.3653769928329115,-0.13066003674659,-0.14405665781428528,0.13284237676922805,-0.2526595334847308,-0.6804641593472845,-0.20154770684766937,1.2300940815198786,-0.412688963496304,1.269358455374264,-0.2931816540123093,-0.5712846528841836,-0.4707129021371586,-0.44946284264400255,-0.20518134165714602,-0.3622423663566559,1.8076823992988202
1.1328624013694673,-0.7632597660148678,-0.15886109598249754,3.4023316417003975,0.07403481298977599,0.3967440038891084,3.7106333136456797,0.13284237676922805,2.025255158168944,1.082283627483,-0.2170543065555807,-0.9359274071648055,-0.412688963496304,-0.9445462206765399,-1.0140237778751242,-0.5712846528841836,-0.4707129021371586,-0.6989915427044474,-0.20518134165714602,-0.14624771484150456,0.09710690574745726
-0.4269519681575554,-0.7632597660148678,-0.15886109598249754,-0.37872481422628024,-0.731553497685151,-0.13969092785336565,-0.323344563463586,-0.258843086065363,-0.48045100265009827,0.3771845127508862,-0.23643755619046983,-0.9359274071648055,-0.412688963496304,-0.9445462206765399,0.5327832780787448,-0.5712846528841836,-0.4707129021371586,-0.6989915427044474,-0.20518134165714602,-0.14624771484150456,0.09710690574745726
-0.14334935551627853,-0.7632597660148678,-0.15886109598249754,-0.69381285222017,-0.3287593423476875,-0.14510946251743104,-0.5026324691128867,-0.5199667279550904,-0.024868064319363295,-1.1505302353652944,-0.18022613224929132,1.2300940815198786,-0.412688963496304,-0.9445462206765399,1.7663672706664098,-0.5712846528841836,-0.4707129021371586,-0.4240007304031216,-0.20518134165714602,-0.22341180409529238,-0.4730849254363304
